Id,Name,Type,Price,Metacritic,Recommendations,Year,Playtime,AchievCount,AchievDone,Icon,Logo
280,Half-Life: Source,game,819,,3642,2004,967,0,0,b4f572a6cc5a6a84ae84634c31414b9123d2f26b,a612dd944b768e55389140298dcfda2165db8ced
360,Half-Life Deathmatch: Source,game,819,,1289,2006,0,0,0,40b8a62efff5a9ab356e5c56f5c8b0532c8e1aa3,9a5b7119d4e8977fffcd370d3c24036be7cee904
320,Half-Life 2: Deathmatch,game,399,,3858,2004,0,0,0,795e85364189511f4990861b578084deef086cb1,6dd9f66771300f2252d411e50739a1ceae9e5b30
20,Team Fortress Classic,game,399,,2604,1999,4,0,0,38ea7ebe3c1abbbbf4eabdbef174c41a972102b9,515bc393c861d91b9165f0697040c015f50bcb5e
50,Half-Life: Opposing Force,game,399,,3995,1999,617,0,0,04e81206c10e12416908c72c5f22aad411b3aeef,bb696ddfd8f8ef0892d5f2154d8617528d3cc2ec
70,Half-Life,game,819,96,19696,1998,77,0,0,95be6d131fc61f145797317ca437c9765f24b41c,6bd76ff700a8c7a5460fbae3cf60cb930279897d
130,Half-Life: Blue Shift,game,399,71,3055,2001,242,0,0,b06fdee488b3220362c11704be4edad82abeed08,927d38e83e3e4ca218a0fc7b32515eeb99aa8ff7
1500,Darwinia,game,819,84,396,2005,0,0,0,912683e5813f331ef5bf9022be53922c2cb39a2a,95d9dcf203e92facca106dc081824673850ad024
1510,Uplink,game,999,75,1178,2006,0,0,0,3f24e709b546f06641586190a6a84be791161830,80982651e79b8556f04e0c0012e65f7c9b6850f2
3920,Sid Meier's Pirates!,game,999,88,2127,2005,0,0,0,eeb9384067131b98cd71308aeded180dd9538951,cffb2b01c41681c3f74d76d83926d4b4a1e66890
4000,Garry's Mod,game,999,,286449,2006,178,29,1,4a6f25cfa2426445d0d9d6e233408de4d371ce8b,93c9364c3942223ab66195182fe1982af8a16584
2620,Call of Duty,game,1999,91,1319,2006,165,0,0,b4ce47894dee6ec21b0ad96cfb2b8c0036098e39,e7e4b54c87592bba8978424ba3258b215c2497cd
2630,Call of Duty 2,game,1999,86,2039,2006,62,0,0,2e455daa8702a3cb9da8733232ec330a06936df3,1341359c59254fad618dfa599f7c5d7e82f3aade
2640,Call of Duty: United Offensive,game,1999,87,459,2006,0,0,0,e5fbc61fce98c303a9c49dc988163499b183f037,658a03d797260730790010c1d14ca060ac143a8f
6910,Deus Ex: Game of the Year Edition,game,699,90,5097,2007,0,0,0,03c8e5e89d83c536b44798e77ead5d813103991f,4b9b2932405def5c3b4053e0b801b01d04965bf6
6920,Deus Ex: Invisible War,game,699,80,864,2007,0,0,0,8feb3c4e692882dbd1f30f3a8bfe89b9928c68c1,ac3aa418680fb52a05f8d91c79ac3f86fea11732
6310,The Longest Journey,game,999,91,994,2007,0,0,0,7d6b1336162f7c26a61ffe0d456efc07d41f26cf,958177d7ecf0e96d750d0814cc40645660636434
8400,Geometry Wars: Retro Evolved,game,399,76,566,2007,0,0,0,87a445064f7e92af24d3dd1b79ec2d725d4033a2,665aa5233ba59a31ea7e477ae1cadc317d6a6deb
4560,Company of Heroes - Legacy Edition,game,1299,93,3078,2007,0,0,0,64946619217da497c9b29bc817bb40dd7d28c912,e12e8695c6766b47a089351dd9c4531e669c2a7b
228200,Company of Heroes ,game,1299,93,1130,2006,0,0,0,df92dc239acb3cf5d3e3eba645f3df2aaf7f91ad,87aa009e93d5aa56a55d0e9056708d018ddd6483
9180,Commander Keen Complete Pack,game,499,,674,2007,65,0,0,6d040ab4b45315de54bf4326054eabc1f122ddee,6c439e4a1682eb3b3500d85f6a0d3fb5ae008288
2270,Wolfenstein 3D,game,499,,1504,2007,85,0,0,fe5add27cf24416c4d94e49ba31543e4907d67f0,cd53787f81b2b24b302864ad553467fb9cacefa3
9000,Wolfenstein 3D: Spear of Destiny,game,299,,204,2007,65,0,0,27e4195991ea840384b5182c530895c2ef0331f1,79cc8754740821af8705919e41e7ee07117a2184
9010,Return to Castle Wolfenstein,game,499,88,2674,2007,1019,0,0,5a588b9863f6e2a8e6dfb8a9c5217e7e90b5406d,d61fc167066cc4a36df12a57b93f3a4b75e7d64f
2310,Quake,game,499,94,2253,2007,473,0,0,e5bdf8dc7759c573fe525d45b69011f6a173a984,ed202cb854161c4521c3906b2763d2e664ddd4ff
2200,Quake III Arena,game,1499,,1107,2007,0,0,0,bf6cde8c939be8c50d1efcabf4cdd9b44c5c11c7,1790d2672b3de3a9aa57e0f41bccf8d4b4285c46
2320,Quake II,game,499,,1169,2007,0,0,0,f4f8eda991901eae74562c30ba6e68715e3d6dcf,a53f37bf4e03ffd521d66d1bde71f63bdcf5fbb7
2330,Quake II: The Reckoning,game,299,,,2007,0,0,0,5bd6e22ffdf72fdfb5ce2092fa50150de5fbb56f,ade5717c83cd41bd7c3f2c8baee8630eafd57444
2340,Quake II: Ground Zero,game,299,,,2007,0,0,0,5bd6e22ffdf72fdfb5ce2092fa50150de5fbb56f,6a44d0445ff6c8d69f8aa4b1b58095566ab53a75
2350,Quake III: Team Arena,game,1499,69,112,2007,0,0,0,95327dd5e7e4e79e275a220d9043e574cb518977,9cb36376ea8acbe0ae21e0df50fbd0c2ce87c5a7
9030,Quake Mission Pack 2: Dissolution of Eternity,game,299,,122,2007,0,0,0,2a978a654d44f38fc2206753c35306e327477e2f,ad838716147b9fbe5e2c16807a218408a87ed2b4
9040,Quake Mission Pack 1: Scourge of Armagon,game,299,,175,2007,831,0,0,2a978a654d44f38fc2206753c35306e327477e2f,181a1be273c70937c888d0e6b63b927aa94bcfb1
4760,Rome: Total War,game,799,92,5934,2007,221,0,0,5dc68565149dc971af6428157bcb600d80690080,134817933edf4f8d0665d456889c0315c416fff2
220,Half-Life 2,game,819,96,46040,2004,1038,33,19,fcfb366051782b8ebf2aa297f3b746395858cb62,e4ad9cf1b7dc8475c1118625daf9abd4bdcbcad0
340,Half-Life 2: Lost Coast,game,,,4533,2005,67,0,0,795e85364189511f4990861b578084deef086cb1,867cce5c4f37d5ed4aeffb57c60e220ddffe4134
380,Half-Life 2: Episode One,game,659,87,5592,2006,290,13,7,795e85364189511f4990861b578084deef086cb1,b5a666a961d8b39896887abbed3b78c2b837c238
400,Portal,game,819,90,36985,2007,568,15,12,cfa928ab4119dd137e50d728e8fe703e4e970aff,4184d4c0d915bd3a45210667f7b25361352acd8f
420,Half-Life 2: Episode Two,game,659,90,9917,2007,368,22,10,795e85364189511f4990861b578084deef086cb1,553e6a2e7a469dcbaada729baa1f5fd7764668df
11200,Shadowgrounds: Survivor,game,999,79,402,2007,0,0,0,1ee715282057bea412bbd92847af544ec4423c1c,3dfd459a6d12f9a93ac9fdeaa09052084a7330ba
12140,Max Payne,game,999,89,3038,2008,0,0,0,341d6de6e749fb2889ea046f57702f547853a464,d8517c3e945349456294f450ac3fb1e53886cd5a
12150,Max Payne 2: The Fall of Max Payne,game,999,86,1862,2008,0,0,0,4eba5db8324e043569742f7b1d50a8975b88bf52,0514b7ef8e2fd6b56a9511d791fe242a886351f6
12900,Audiosurf,game,999,85,7327,2008,69,19,3,ae6d0ac6d1dd5b23b961d9f32ea5a6c8d0305cf4,75dc0398efeae1cc994714e37c893b593f9c9a88
13200,Unreal II: The Awakening,game,1499,75,267,2008,0,0,0,507c2474950fe78ad4602a9e1949f2104426feca,4925a6879daf8d6b1ebc017db1655e0a3af532c0
13210,Unreal Tournament 3: Black Edition,game,1999,83,1639,2009,0,57,0,de312a41b8a0b8fd6e1f0490ab0b44416c53cc61,ba0a5c14642ab3337bf09d1d3df5e076a771ee32
13230,Unreal Tournament 2004,game,1499,93,1856,2004,0,0,0,db3782214c4285c254f632b0e803ed341c250c9d,9fa56d442d3a5d9c31706fb350115aeabf7a52d5
13240,Unreal Tournament: Game of the Year Edition,game,999,92,1811,2008,0,0,0,a0e90c4ba9ba0128619d88e799108d5c2d5f0320,6f3ad650c54691d970f3948f0d0412c28f2c8662
13250,Unreal Gold,game,999,,720,2008,0,0,0,ea4f234ffce6f7c645ccad169c1b6250f3c9cc6c,76bb426f2b11b539ca0ec01aca4dbd60f52dce5d
13520,Far Cry,game,999,89,3110,2008,0,0,0,76f5a80c061ffb5553619fc2b54e6e3a44dfd0fb,85cd787d6a73c2aaba39df0e53c8a75afcca6d68
13560,Tom Clancy's Splinter Cell,game,499,91,903,2008,0,0,0,0c608cfc4a7d7a9a1b5130490b74e4b8cfb61d02,9783dca9c8b2d7805397b9d822c46f9e7518c14e
15100,Assassin's Creed,game,999,79,5728,2008,62,0,0,cd8f7a795e34e16449f7ad8d8190dce521967917,5450218e6f8ea246272cddcb2ab9a453b0ca7ef5
15170,Heroes of Might & Magic V,game,999,77,1187,2008,1954,0,0,487af5c9a91b6a0ac4615954a41d9209d69368f2,7392e2e925bceb525fce7bc5543ec597d7fa403f
15130,Beyond Good & Evil,game,499,,1741,2008,0,0,0,225272b8dcf7c8c107f8a95442f67f7ce40e3a1f,4e149d3a7f681c9de594beee2b9bf3ea90b47de0
12750,GRID,,,,,,0,0,0,c9367af908a9527040b41f6323aee4507bcba722,4d703d465e6e83f272ff07b3b9636fe52f2e9a19
15700,Oddworld: Abe's Oddysee,game,299,,1334,2008,110,0,0,146cabd04a2e1a813085fbc4511c10ca01fac51b,b36c09cedd607be8661c6ae9dea7966158281c3f
15710,Oddworld: Abe's Exoddus,game,299,,730,2008,0,0,0,146cabd04a2e1a813085fbc4511c10ca01fac51b,f62f94b381fcb897125ae4376e8d3eb3d2b7fdbe
19900,Far Cry 2,game,999,85,5802,2008,0,0,0,c73f0c967f77518128c6f2a3f0c4069ff49b1441,3fa04cb86e9512e8ff4f520860db163e86243dd8
17300,Crysis,game,1499,91,6264,2008,0,0,0,94bdcfce65cc63a92dcc76977f2b59750f67e3b2,c87630a45764856250306e33f7e0c0195dc2f4af
17330,Crysis Warhead,game,999,84,1726,2008,0,0,0,c29cf6caf9be493569091f8a95acb9139e92a485,2df1e5c3f039a252eaceb5853916ab1ad65fb9ee
17340,Crysis Wars,game,999,84,1726,2008,0,0,0,8085d7a383827dcbf48a2383cf148bde090d9109,f67c1df6123c3b3807f363554092bc6fc4178d45
20900,The Witcher: Enhanced Edition,game,999,86,25612,2008,0,0,0,746d1cd48fb2e57d579b05b6e9eccba95859e549,d37dedbc4104d1683385d022314d1316399b3dce
1530,Multiwinia,game,819,76,286,2008,0,12,0,d73261f7f57b0ccf175acc81cdab00dc55b421fa,15f787b65336ac137afc31cf700fa69c018fc68d
13540,Tom Clancy's Rainbow Six: Vegas,game,999,85,390,2008,0,0,0,8ef648763f4d0ebabba52549933a2d840d5ef531,ee8676641095650b0ad964018d99f0815641c9de
15000,Tom Clancy's Rainbow Six: Lockdown,game,499,59,136,2009,0,0,0,4612da9073b44d7cbe8ba4547a9eb75e75efaf52,62ef14646f8c1f40f10ac67a06f2b2fddf4ae183
15120,Tom Clancy's Rainbow Six: Vegas 2,game,999,78,2475,2008,0,0,0,ba7f6e645dd1b070ca8a367ae18d2eaba7f0a526,ea7dfc77dc44a50a54bc5ffee41349b47b7ee3f2
19830,Tom Clancy's Rainbow Six 3: Gold Edition,game,499,85,750,2008,0,0,0,a9c876bc4fb0f87c81dd828a91cf8115db9ca258,0d2137c5c44872a82aba426a71070547ae9782f1
19840,Tom Clancy's Rainbow Six 3: Athena Sword,,,,,,0,0,0,a9c876bc4fb0f87c81dd828a91cf8115db9ca258,0d2137c5c44872a82aba426a71070547ae9782f1
15380,Heroes of Might & Magic V: Hammers of Fate,game,999,66,,2008,0,0,0,05008699f6e407c370d77b1c0ba3c8de8110ac9c,7507a40563cb523cb14d8f639e2c4a5f32d23cc8
15370,Heroes of Might & Magic V: Tribes of the East,game,999,70,684,2008,0,0,0,1e7e71c1e0cf6cbbc6107c6e28f9bb61408bc48a,485e1ba5c9ef6c452849a8d46cea94cc27e59e95
22000,World of Goo,game,999,90,2465,2008,296,8,0,fce27346192c28e854b7381f160bd19ae645f62f,d2a60cb23c6743862af40267817099b08602ee92
500,Left 4 Dead,game,819,89,12090,2008,0,73,0,428df26bc35b09319e31b1ffb712487b20b3245c,0f67ee504d8f04ecd83986dd7855821dc21f7a78
12200,Bully: Scholarship Edition,game,999,72,7927,2008,172,0,0,791f13dd4ea6c4cdf171670cc576682171c1eae5,e2aad562be7e67c2477972fa738675e005cb73df
13500,Prince of Persia: Warrior Within,game,999,83,622,2009,0,0,0,7ccfe3fae3c5fc44dad734dbd0af10f041fe94e7,285ec526da377790123f1df713d71f3559711989
13530,Prince of Persia: The Two Thrones,game,999,85,379,2009,0,0,0,8ceeaa9e2d1b0eb804b1826e95e5c268703f6c37,900da1e8bd5721bfac4713f6631d4b1e0262f6a8
13600,Prince of Persia: The Sands of Time,game,999,89,784,2009,0,0,0,e65c77b489a5f4e0d4cde9f09d05443b717d0690,8dc90e429e0e6745e91a8139d51210555ed21166
19980,Prince of Persia,game,999,82,1024,2008,0,0,0,2b404bd60fb97a9c1eabb9d4a573909c014a23fd,3730e623f4a2d411ff3cb1ed63a10f9be42a4a22
17390,Spore,game,1499,84,14340,2008,53,0,0,00e6b5f1f7173e5a2db9978de34df03abb886430,75a96828a453586042ec4231e617070bc2f35625
17440,Spore: Creepy & Cute Parts Pack,game,999,,489,2008,0,0,0,00e6b5f1f7173e5a2db9978de34df03abb886430,4fd83f3a28e4eccb385e090366cb7b25f6da6b1d
17460,Mass Effect,game,999,89,9333,2008,0,0,0,57be81f70afa48c65437df93d75ba167a29687bc,7501ea5009533fa5c017ec1f4b94725d67ad4936
17480,Command and Conquer: Red Alert 3,game,999,82,4230,2009,0,0,0,02f2c2f9e3511f7c6d4a0afa184cc0a121581a13,1b9a5723f68bf15ba865e151afbde9f1eb9a3846
17410,Mirror's Edge,game,999,81,14248,2009,23,0,0,cfea4731163004b2e5117c3b42a798c48c483d8f,8c5a900802fabf20a7922c6a69cec9320c940514
16450,F.E.A.R. 2: Project Origin,game,1499,79,1563,2009,0,0,0,6611d8b01c7a2cc3538c478c044d1e09f3140eaa,41734347c3f05fe7dd797570130f5069c08f9d1b
13580,Tom Clancy's Splinter Cell: Double Agent,game,999,80,693,2009,0,0,0,c739b0782b639e6f7aac241d93486273f0ae0908,edb87d5b6835dcf8f22ac080220aa6e2bf7b3b6c
21760,World in Conflict,advertising,,89,557,2008,0,0,0,177d0b92597475f22d07c5e985cfe9e47032e12f,21e6e0e073e19ab56f98f0145be5b124029273be
21910,World in Conflict: Soviet Assault,advertising,,89,557,2008,0,0,0,177d0b92597475f22d07c5e985cfe9e47032e12f,ff13d9169be26d21432b0d21a342f6a93fe5cf58
3480,Peggle Deluxe,game,499,,791,2007,65,0,0,427a98a549c3813e13b4062300709000599817b0,ddc060ce453b7cfa8c82ba2abc321e1b6110fd4e
3540,Peggle Nights,game,499,76,293,2008,0,0,0,41ec4d1b164eaea5a2520e6aef6dada128d32acc,4b7bcc68dfc5faf786565132e9e28340061e949a
9340,Company of Heroes: Opposing Fronts,game,1299,87,373,2007,0,0,0,29725d719946c3e1aa4eea15d262c9fd789c1392,830c99099ea2cfecfe74c41f376fc892a09dd181
20540,Company of Heroes: Tales of Valor,game,1299,70,853,2009,0,0,0,64946619217da497c9b29bc817bb40dd7d28c912,ed0c55412acea558d025a3e238e2b7341edc5c41
26800,Braid,game,1499,90,4173,2009,65,12,11,1468d086e684d6a3067bd4bdc63f699fc0aede3d,dc76bb847fbb82ca81e122927541398d41638ac8
8880,Freedom Force,game,399,90,265,2009,0,0,0,9782dc5c4a6a3be777a64593f0dc529599b3aa95,057247dd595cb51fb63567d5464a3148831ae5b0
8890,Freedom Force vs. the 3rd Reich,game,399,,106,2009,0,0,0,e95b52cd98240242852f6e93e4543330533b2434,813996359c83b59180f939069dad1c889de96cd6
33250,Anno 1404,game,999,82,573,2009,0,0,0,f886a922cc2f058ce6db9e9ff5f41aa6d0baa00e,746ff37b3ab1e2332e6b42afd655944b133aa03b
24720,Spore: Galactic Adventures,game,999,70,2038,2009,1,0,0,fb853a0ee1b27e6b9d0aa3b5a7d24d2bf3b0aae3,0431fd1920415c71a735b0b213f63a38b8a2e0f2
37400,Time Gentlemen, Please!,game,399,84,396,2009,239,0,0,f873370c73dffb2b1f147bb6b4de799ba310919e,e56c6da2960caa8a07532217709cf8a071cd6f92
37420,Ben There, Dan That!,game,399,84,396,2009,630,0,0,7bc7a25d47125a815a457aa585337d9ba766177d,e56c6da2960caa8a07532217709cf8a071cd6f92
13570,Tom Clancy's Splinter Cell: Chaos Theory,game,999,92,1613,2009,0,0,0,a76c218888e97127411c6fe16f1b98088d332d51,19fbbd7c33efd3be9176a3c960c84eeeda0823cb
38450,MDK,game,999,,154,2009,15,0,0,84c4b9d2d46a5ed47a45312814d035eb6dbd04ff,7d9a4652c5167a9e74c29da6cf0ddcf8615f2998
38460,MDK 2,game,999,83,103,2009,30,0,0,fee00aeac9343ce8fb3c3ba16da951d4f244a1d6,1b888b9c85f1adcf7ada80ac41273422b4746bdb
40700,Machinarium,game,999,85,3545,2009,487,12,0,33e11d52f0a2335671d7bf73341c14ae6e596809,5101b896d69a6eafc32667689a7f5d8756a4ac87
24800,Command and Conquer: Red Alert 3 - Uprising,game,999,,870,2009,0,0,0,c65f15f9b850a0becaf708a4668e7f285eeff209,de6777c6cf277967764224514fb200af9197ae2e
39530,Painkiller: Black Edition,game,999,,401,2007,0,0,0,3e8830b9553bc7b12fb3762eec097b44551988b2,9779256adc151abf34248362ac0ffc700ef92623
41500,Torchlight,game,1499,83,2864,2009,0,66,0,b2a2a43e401dce3c69898b67b1b8af4481d96b08,e36226c6a0575e6e1838e1f915e91f8b31ab3008
41000,Serious Sam HD: The First Encounter,game,1499,68,3045,2009,0,35,0,9aeb464ed7dba489ba5ecb5077ea577b62ca426b,ef005c098c59418bc601aff37b919fcb5995b4a5
564310,Serious Sam Fusion 2017 (beta),game,1499,,1103,,0,76,0,d0bd5715f05deeb32f030a5d5e06073870b7daf8,b4babc53b42275d5ca120909c04ae77f5724b29b
24790,Command and Conquer 3: Tiberium Wars,game,999,85,2168,2009,63,0,0,6e07f2f006ff6960d9089804817ed454c18260ee,6462a21ca380ff8430d1f1d3a6ca21104466c316
24810,Command and Conquer 3: Kane's Wrath,game,999,77,946,2009,0,0,0,9a38dc5cbc37db48e5d4ff7e4f959f1864582268,e8168055161536ca0800d553aef926d00fe5a548
40720,Samorost 2,game,499,,581,2009,76,0,0,a58b640575064853340df4d15834282bdd30e381,a24053b3f27762f09b0ced6b409711ad90c87fc0
22370,Fallout 3 - Game of the Year Edition,game,1999,91,16772,2009,0,0,0,21d7090bdea8f6685ca730850b7b55acfdb92732,ddccc41c513694e7a5542aa115e9e091d6495420
24980,Mass Effect 2,game,1999,94,9198,2010,0,0,0,e6f3b9b0762fd4d42a732abfc41887f6c5903a52,d446fe6d77c9f434cd7fd871400b978fc01fb4e7
38700,Toki Tori,game,499,80,1390,2010,0,38,0,71adfce6503f6a73c094d0dbab17aaa719691d95,7840e49fc48b78295983973d0d2158d020fa5f75
33230,Assassin's Creed II,game,999,86,14488,2010,62,0,0,0492d8ee860ac99168e46efeb003029c3224cb38,6d29461ee9303967cb32c2142afaf9bbdb911b6f
20820,Shatter,game,799,84,451,2010,299,30,14,de59a63f503649493a8ae0a3f88f652405d21f5b,f1c592b51f11be58b6dcd3879646d85869f4558e
43110,Metro 2033,,,,,,0,48,0,a70fe6dc214f24107d20596f3040dbfa220ed42d,df9a163ac1f28dfc84c93a6fc0dc51719eaef518
35140,Batman: Arkham Asylum GOTY Edition,game,1999,91,11402,2010,0,47,0,e52f91ecb0d3f20263e96fe188de1bcc8c91643e,172e0928b845c18491f1a8fee0dafe7a146ac129
6800,Commandos: Behind Enemy Lines,game,499,,1423,2007,61,0,0,809e75c47b592f737e0c91b4e63d65d7b9e41239,d01b2e9b693186054b121d28dab2d3246c37002b
6810,Commandos: Beyond the Call of Duty,game,499,,376,2007,0,0,0,a3980f343245376fbfa787077fe2ff3231bc6319,0b060a4b75119a38b0520b093b9ddd603e606c9e
6830,Commandos 2: Men of Courage,game,499,87,1269,2007,0,0,0,8eaed194affcbbdc617687e2fa80af146e97bb93,9f33ca3ba71f36c1d10704d9558bba2abe7cb6ce
6840,Commandos 3: Destination Berlin,game,499,72,562,2007,0,0,0,73f9a99ca805232d3fd632fc2eba4ad6e2832195,6df824b0b03ae63687853825a3e276c828fc9854
33220,Tom Clancy's Splinter Cell: Conviction,,,,,,0,0,0,788417bcc17f0751c2928b372309e6178401adc5,6939f9914923cad9934603432b43fe7d46d47dd7
41010,Serious Sam HD: The Second Encounter,demo,,76,1193,2012,0,70,0,95beda0d8dbd3d317359fae9f0e6ca1193b2429c,d12f80db174670b0335476b78d56e737bb3a385d
21090,F.E.A.R.,game,5499,88,4256,2010,0,0,0,71f118282be5aaa34eb82506593130ecfcc6a90b,df122e0ee9eb2a5371910ffda0f8a3382e09232e
21110,F.E.A.R.: Extraction Point,game,5499,88,4256,2010,0,0,0,153d4f89ef0bd59a0039c396ff963a31d4d5e71b,df122e0ee9eb2a5371910ffda0f8a3382e09232e
21120,F.E.A.R.: Perseus Mandate,game,5499,88,4256,2010,0,0,0,7b1d0271f2735ca66e1cb681eb4da1a7c985d53f,df122e0ee9eb2a5371910ffda0f8a3382e09232e
33320,Prince of Persia: The Forgotten Sands,game,999,75,665,2010,0,0,0,ae71d05f6a30478dc896f58bff7b353c0edf9959,bc0f3eaf298768b1d51b53991276293c06a99c11
24780,SimCity 4 Deluxe,game,999,,3554,2010,0,0,0,f4c65a58629961dc1ba68476fdcc7bc687d5dd6e,0a0717ab709f27aea9c0c6c66846580960d41082
21970,R.U.S.E,,,,,,0,50,0,644ccfb018f0435dbfadf5c0bc291cef6202d84c,8e5d87927a28a8d322278e430bce81718947121e
57300,Amnesia: The Dark Descent,game,1999,85,10773,2010,0,18,0,2c08de657a8b273eeb55bb5bf674605ca023e381,75b8a82acfb05abda97977ac4eb5af20e0dcf01e
22600,Worms Reloaded,game,1999,79,1867,2010,89,61,2,f600c6e630d9af3ccb1d7892ecc9bb01a7087695,8dc524779f89d3f5ef6a7d30102ae6bafe4a1cd4
70300,VVVVVV,game,499,81,3950,2010,450,19,1,28c3dfe9f29b7933226aa5be2c7d2de61ee4f578,3d362d64d51ce524f12c853290ca6cce5761ff1c
8930,Sid Meier's Civilization V,game,2999,90,79540,2010,0,286,0,fbe80c4743e226f0bf65559c91b12953d4446808,2203f62bd1bdc75c286c13534e50f22e3bd5bb58
32360,The Secret of Monkey Island: Special Edition,game,819,86,1917,2009,35,0,0,d0c7dfee42d8ce36806e34f078e74ce82d21314d,def80542d013e251b343bd5047e640672448063d
32460,Monkey Island 2: Special Edition,game,819,87,1056,2010,0,12,0,3ff954e2286123d0d4cf91dfca57e62a0b7248a9,520648565e99a6a8afa4f92a55dc4a3d39400768
8980,Borderlands,game,1999,81,14186,2009,0,80,0,eb45fb32b7f4e75564a30a52aa3c35a191253ea0,88ec298ff1ff0d748df39e084892aed6e919b146
47810,Dragon Age: Origins - Ultimate Edition,game,1999,91,8350,,0,0,0,e5e0b9629b314f7338f493d26227eb2bd1172e77,aca1a363cb76d4c74d4c891407ca06693a963699
40800,Super Meat Boy,game,1399,87,17397,2010,19,48,0,64eec20c9375e7473b964f0d0bc41d19f03add3b,70f084857297d5fdd96d019db3a990d6d9ec64f1
38720,RUSH,game,499,73,1020,2010,0,25,0,734f6b5196a95c73e69e0525ea3e64e90a12fc93,b1359d9a1d37199493dee056a854ff70735924de
21100,F.E.A.R. 3,game,1999,74,3093,2011,0,50,0,01b73115a3ff7315d14f0bcf7beff01ef76162b4,d2fcf83ec76e845ed19f4ff8324304e2981af391
48190,Assassin's Creed Brotherhood,game,1499,88,6169,2011,62,0,0,6a87d0b61e45e8075decd1f8ace549300b036a52,00991d5d48183ce4148617ff0fe9db2fabda346b
92800,SpaceChem,game,999,84,1738,2011,0,20,0,29b26fc0eb22ebbeeeed1e4658dcbc6b837279c7,5ffbf030cd3e3af293e0509df7be6f9b2a159ca8
91600,Sanctum,game,999,70,1632,2011,0,100,0,fb131c31ed4dc33421dac1f805aaef337b03567c,d63198590c7bab5a332327a54f8ed0a00ac4b0d3
95300,Capsized,game,999,80,472,2011,119,18,5,d89b6b69c1b57bae98710d574698ffbc4445e68d,4ed97f9c05ae4e0351dd5191f907adf5ddb1d356
620,Portal 2,game,819,95,93541,2011,1852,51,49,2e478fc6874d06ae5baf0d147f6f21203291aa02,d2a1119ddc202fab81d9b87048f495cbd6377502
96000,The Tiny Bang Story,game,499,63,2353,2011,0,0,0,190760c7966fda0b4be9605de836e031f448fc49,c60488f764e2b91f3a53ac12a123a527a63dca2a
105600,Terraria,game,999,83,179198,2011,0,88,0,858961e95fbf869f136e1770d586e0caefd4cfac,783399da7d865b7b5b1560891b1e9463345e8fa9
20920,The Witcher 2: Assassins of Kings Enhanced Edition,game,1999,88,32943,2012,0,52,0,62dd5c627664df1bcabc47727c7dcd7ccab353e9,f0274a91931ed39f7c69dca9f907ceae6450785c
98200,Frozen Synapse,game,2299,85,972,2011,0,16,0,646297e1b481ae0e57c4597452fb45ff9ce16989,3b20447980b019783a4e37893660d1ce54893699
94200,Jamestown,game,999,81,532,2011,355,42,18,fc71d80266e726c2ddd946fea19b386947bf679c,7a4178ca9546cef28ebb78c5889a01181c2b4e93
7600,Sid Meier's Railroads!,game,999,77,1075,2007,33,0,0,7cb5ba1c947e0fdc2b3b8ecbf8e4fa1cfa142267,ec10b382e45fe3bd132b773dc4c7701fc2ffd468
105300,Critical Mass,game,199,81,247,2011,84,27,3,635ef5756892b58c93f436452ab61f7447373acd,18a7a412b1356bbb907ad3deb22ea5104cbbbbab
17470,Dead Space,game,1499,86,6779,2009,0,0,0,45e682594687a6c92037631225340d26c783362f,01400b8d7847c309e5d47d7ceb3f885f47247501
47780,Dead Space 2,game,1499,87,7277,2011,0,0,0,6393351676edc4fdc65937a599780818fd2f18b7,38cb9890ddd639a066bf480e3f098e1b92af2376
107300,Breath of Death VII ,game,199,,1032,2011,0,0,0,26685ef54eb9d6220dfba280542917fc24f5ecab,252cb9c5b020cf81df91f6fe472f29c017e863fb
107310,Cthulhu Saves the World ,game,199,78,2603,2011,0,0,0,dd3f023ea459f8fedf927a5255523b7fc9ba6ad2,c21721fb881d5548bd9e9693d9c35d41f2565715
22230,Rock of Ages,game,999,74,2212,2011,0,19,0,775c7ad571b7571aec5a85235759fbc2baa12eee,4df41d2c1847cf8cba4d9603ff1e36a5a9b77fc9
55150,Warhammer 40,000: Space Marine,game,1999,74,4812,2011,0,60,0,46b0ce6e587472d1d56cc88dd32c8b57392f8b10,c18d0776e4b1db78c57e66b5bd7ba74b5927816a
96100,Defy Gravity,game,99,,7020,2016,135,8,4,fa26f1090915f4248bdabe9c99e3d51113fb6e3f,1533e9bf83bfd47553791f9b60500d33e8364d38
2210,Quake 4,game,1499,81,770,2011,0,0,0,ecbd9d78b949ba6875c4adfc77ca4aab343ec858,97d0315df83887ab8cd526c803ca8ba893eb34a6
107100,Bastion,game,1249,86,20181,2011,609,24,9,8377b4460f19465c261673f76f2656bdb3288273,d113d66ef88069d7d35a74cfaf2e2ee917f61133
38740,EDGE,game,699,74,1482,2011,1,47,0,a80d29a04b9c8bbd4762e9cb265784fa18a085ae,9c86ad3f647def777dc7072d72f4081b006b4844
107200,Space Pirates and Zombies,game,999,74,1672,2011,0,48,0,5f2cbbd939589daa70d476951e08ae05df776b81,f8371e2e888d057899eb19f5bfca3da3bfd2659f
111600,Serious Sam Double D XXL,game,999,,434,2011,0,30,0,bed1214837faadd0979c8b873a84f6f650462449,911270b177773365d62cc1a2e98903a63f5bf9e2
57690,Tropico 4,game,1499,78,5994,2011,0,70,0,8e58ca48b978439ba4986938247fdb21a645a673,9123d91a47399baf116c2949dcebcd42b1962fbe
9350,Supreme Commander,game,999,86,693,2011,0,0,0,ebc51d0f50f1d964dd87e7000e517865436a24b9,48baca59dc7ff836d3a5e4bcebb23ccfea3ce3de
9420,Supreme Commander: Forged Alliance,game,999,81,2808,2011,0,0,0,fe0bc9a05b7c2af87ddbb0a1c031c00f55897edb,20bbdf95d94ac06a61e68ee64ad50b7cf3b71bd4
113200,The Binding of Isaac,game,499,84,32777,2011,17,99,0,383cf045ca20625db18f68ef5e95169012118b9e,d9a7ee7e07dffed1700cb8b3b9482105b88cc5b5
102600,Orcs Must Die!,game,999,83,4039,2011,0,27,0,0d14a70abb580146741de26bbad46d0ad81a67c7,9b79e98212c10141aac10471be1c5efa9786bad8
201870,Assassin's Creed Revelations,game,1499,80,5719,2011,73,0,0,08f7266496718dbd5d2f93e4776d3f5dc368ad54,ac2a172c79ea93d98102b15dbf5dbac8d88aea70
201480,Serious Sam: The Random Encounter,game,399,64,507,2011,0,0,0,f5342c10dfbc736fae85709c902daad5873de6f7,3ed3d466c218d7b82517c58a02577bef7027c255
110800,L.A. Noire,game,2999,83,12562,2011,0,60,0,ee09d4d2552e52c78d139a3b6dbe60173079d9f8,4176ba6f679e28225a95447082c38db290bc2557
23490,Tropico 3 - Steam Special Edition,game,999,79,583,2009,0,0,0,ac98363870a4c1cbd18372843144dfaf7dfffbf7,c8e565a740d2e2c8a1a07548c875131eae72a1a7
33520,Tropico,game,699,,363,2009,0,0,0,65b5d4581469ae7e1161698b37b1dbccf8f31b3c,c1929a57daf4ca00715ef41eae0eddeab54546e2
33530,Tropico 2: Pirate Cove,game,699,,363,2009,0,0,0,0605025f283e05d28db3ad285819f662babe5b26,083fbbcb64eaef7f117816c7ad6e423eed269621
57600,Tropico 3: Absolute Power,dlc,999,79,220,2010,0,0,0,ac98363870a4c1cbd18372843144dfaf7dfffbf7,c8e565a740d2e2c8a1a07548c875131eae72a1a7
72850,The Elder Scrolls V: Skyrim,game,1499,94,152553,2011,103,75,1,b9aca8a189abd8d6aaf09047dbb0f57582683e1c,c5af3cde13610fca25cd17634a96d72487d21e74
107800,Rochard,game,899,81,881,2011,419,18,8,dce3c795d28d269b6cb55d6dae2003c926da1d82,92f88c26b3bc129bf2a11202b7fae27f4515edad
107600,Waves,game,499,82,880,2011,90,54,9,c1be0228ad7c4c08b110595d092d62b7fdd42b19,ba22fea724853089004dae951b3f3aa1032e99bd
48240,Anno 2070,game,1999,83,8197,2011,0,0,0,f2ea66880f8b78ef85afa7c6c256dcb41b2df845,96fa0d0f7d3a2cfbd46cfbb3ec266e4fbc9c9953
41070,Serious Sam 3: BFE,game,3699,72,11857,2011,0,62,0,2e7a17d4b345ffb13ef3d9e39257c2659fe4a86b,cc3a3c30187b5fbbd0a8861ad08b4f7d779ba239
200900,Cave Story+,game,1499,83,2835,2011,100,76,3,076431cdb43f9a04364076bf13f7010d8d2e0670,a242e0465a65ffafbf75eeb521812fb575990a33
105450,Age of Empires® III: Complete Collection,game,3699,81,11719,2012,831,0,0,6fd62f99d3d245868d83af54eb60def5d1667402,c5ad5a14c259ea16f1193c32c2753fc037b9d42b
205790,Dota 2 Test,,,,,,83,0,0,,
204030,Fable - The Lost Chapters,game,899,83,3986,2011,0,0,0,98206649a850020118de687a14075d1b5081196e,e0ce3d6e307cb0ff3d7a886c8eaff301a37b3434
67370,The Darkness II,game,2999,77,4273,2012,0,50,0,6ca6291fe216a8cc5c56f01b1e7f83e396a8fa81,349189b0ac9570679227cb1bd2c742bec12bf97a
204340,Serious Sam 2,game,999,74,4662,2012,0,0,0,2a2df389720949c276419859357504237f0720b4,cce069d1fb366a520e394d414366d4fa860d70a3
105800,PixelJunk Eden,game,999,81,452,2012,9,61,2,53ac9f86644637bc54bb0596a99886be05b9ccaf,3d91becb2dabb626bcbdac0928cd58acfd4e2b7d
48000,LIMBO,game,999,88,13785,2011,587,13,12,463f57855017564301b17050fba73804b3bd86d6,9f35c3d64649a5a03b69d6a9218b1f77caf15025
22490,Fallout: New Vegas RU,game,999,84,2847,2010,0,75,0,1711fd8c46d739feec76bd4a64eaeeca5b87e3a7,2dd15cf9a50d727af590a637f1f3871ae14d317f
203810,Dear Esther,game,,75,3837,,114,0,0,f1ff3d3ea4499d02ea72971ff0d77456a1908fad,39f2f2baf454fabdd8a6161e9353ebd9ee335ed2
520720,Dear Esther: Landmark Edition,game,999,,479,2017,384,10,10,886a70c7c78c240da7daa1de01490b44c9855f89,e711038210db7e3fb99719c74b902d7f89abe036
35000,Mini Ninjas,game,999,74,1048,2009,0,0,0,02f702c604e0692b8185f1b0e94e013d0a242d3a,5da10ac68dbbe1e253d9aca64c4a341ed080eeaa
207490,Rayman Origins,game,999,86,1372,2012,70,0,0,1e155c2bc13e8793aed8bb61fdac798fe0d49de7,ebfd3f8da2b0416d71724a2929740a72a6eaabf4
207610,The Walking Dead,game,1499,82,28287,2012,991,48,48,87a13ae0a2a76488792924aa8bb0dd8a7760f931,6d756726214dd97c54966814d58508b86d5eabcf
207690,Botanicula,game,999,82,2203,2012,510,53,53,7767f278467c86cbd9977391dd8f652d282160d0,acb47a23b33ef3eed87022185eac7b1937c0235b
3900,Sid Meier's Civilization IV,game,1999,94,984,2006,785,0,0,297dc4f925d412fd0f8fe6f065dff58272e1b481,e70f5d6e71dd9e3541163d6324ceb7c283345f03
3990,Sid Meier's Civilization IV: Warlords,game,499,84,,2007,0,0,0,28e3eba4963b092268944d98ff1eda2044bb4ccf,6a67a0c8044600b43ee0ebb9e2bced39ebe9f9de
8800,Sid Meier's Civilization IV: Beyond the Sword,game,999,86,967,2007,0,0,0,0494812c3b3091ea6fed7acf8e0a6fa73d48cdc1,2501d317192e43c944f36a06c8dd61c598adad76
16810,Sid Meier's Civilization IV: Colonization,game,1999,83,301,2008,1,0,0,321fb29a4c82b4ccc3587d9967a3b9f8e3933a5a,a9b8731923044504abc882ca76b67952579f01ad
34440,Sid Meier's Civilization IV,game,1999,94,984,2006,0,0,0,297dc4f925d412fd0f8fe6f065dff58272e1b481,e70f5d6e71dd9e3541163d6324ceb7c283345f03
34450,Sid Meier's Civilization IV: Warlords,game,499,84,,2007,0,0,0,28e3eba4963b092268944d98ff1eda2044bb4ccf,6a67a0c8044600b43ee0ebb9e2bced39ebe9f9de
34460,Sid Meier's Civilization IV: Beyond the Sword,game,999,86,967,2007,0,0,0,0494812c3b3091ea6fed7acf8e0a6fa73d48cdc1,2501d317192e43c944f36a06c8dd61c598adad76
200010,Quantum Conundrum,,,,,,0,25,0,62f823e53c5d7881d85ba6970965bb3ea9490b74,713c07c78de26fd153352645245935977d5e7787
6980,Thief: Deadly Shadows,,,,,,0,0,0,d396bd55b366909ffda529158fd91513e4098a53,609345e7b64f268b72c01d8545cac9c23e54e8a2
211600,Thief Gold,,,,,,0,0,0,70d127f48cd8a1bc6e3cddfdf14b791f45b5f086,c78db2a09012e4af5696249d3bf07b6187836655
211740,Thief 2,,,,,,0,0,0,86a6e81966e727e1fa48f7e3c1057b60741a56c7,18226e35deb6caf835ed0707ab08fe1020c4e2b5
204180,Waveform,,,,,,0,65,0,a4637179003554caab19db1e35ca684f6137a01d,182864a1336f4644baac33beeec8dd9065fc8cc6
207080,Indie Game: The Movie,,,,,,685,7,5,1d29a72931dc845cf9ec7a04501fe40a7ed57dd1,f2c3f3e7104ad6d8719c2698406c79efe6de41e7
108800,Crysis 2 Maximum Edition,,,,,,0,0,0,5f401ab4b7d16ca8f778ff6b85dd25e0d3d49460,bee338e11932e97e995b6e2d84d0772f7b22f2a9
12810,Overlord II,,,,,,0,0,0,cc38122745bd44454e7e122e86023fb35e652d9d,7107ed1429c4be7637571fdf262f61af6bc7d4a2
50300,Spec Ops: The Line,,,,,,0,50,0,55ae859a90d61c08f18ed3aa0ee2579169d2c2bf,e449c7dc5a9861cf94476de1b394640f3866ddda
206440,To the Moon,,,,,,287,1,1,6e29eb4076a6253fdbccb987a2a21746d2df54d7,f0e5a7037facd7bff7656ebe2396a23735c608c2
215670,Home,,,,,,270,12,12,2b03b1b0bc28111697a2fef28f62e726f1684bba,48a876424ff28b006d21bd6cb62de27a00f04e13
201790,Orcs Must Die! 2,,,,,,0,27,0,fabd8658e8e76f7c99c56f26b69d29882756f9b4,c345d9b205f349f0e7f4e6cdf8af4d0b7d242505
204630,Retro City Rampage™ DX,,,,,,0,20,0,423b87d4a5a00ff6e807558e565b0b515fadf61b,3ca51d2767c5de3358c4f1824f1b362a9494983f
206370,Tales from Space: Mutant Blobs Attack,,,,,,331,14,11,c40e14fd864b88189dfe078f478a428fc25dae38,343cdf16b6cb90bb8d97fc6aa49fea3a62991522
11450,Overlord,,,,,,0,0,0,8fc55092acac2cb5f72dbf8f644fcd430c461dd6,0700d43ef52f5c83b5794a8984ce0ecf34169465
12710,Overlord: Raising Hell,,,,,,0,0,0,adbaa95c9f6fd9f10faf78ddd7477160d4946424,887f6ba923cf64b7b7a4153bcea1352fde6e47fa
204300,Awesomenauts,,,,,,0,59,0,4996933171d0804bd0ceb7b9a0e224b3139d18ba,2d92dc3a4b10e3e66340ebe53266b901e25ee52f
200260,Batman: Arkham City GOTY,,,,,,0,64,0,746ecf3ce44b2525eb7ad643e76a3b60913d2662,9b229e12fd5ce27bd101d5862c19b1a6e3d01239
216290,Gateways,,,,,,0,18,0,3cc65892ba65ac6eb9201ad77db3d11327e222e6,f09fcd5126e052be7105c53acbc808f18f74a5d3
72000,Closure,,,,,,484,8,2,7da11a2030451f15450452b6c5f0aeb45b39fbd3,6e01635915c7a052c64c81f1408844a596917d2e
212680,FTL: Faster Than Light,,,,,,0,0,0,e8770ddb95fde0804694b116dfe3479f5a65900d,975193db5ca8cc2a4c969cea8f80d93157264ec1
204360,Castle Crashers,,,,,,42,12,1,9b7625f9b70f103397fd0416fd92abb583db8659,793216ec14c639bdaf2f0119c8cc408b8e9ad7b1
49520,Borderlands 2,,,,,,1,69,0,a3f4945226e69b6196074df4c776e342d3e5a3be,86b0fa5ddb41b4dfff7df194a017f3418130d668
200710,Torchlight II,,,,,,1584,119,70,40776762bb63c4eded37d1a2b4431a90aa57ea84,fd37abb86628ff54ed304f75c2fb7cf75a4f6902
220860,McPixel,,,,,,385,0,0,236a6f77afff3814552ae2a6ccadbf84d992a252,40474226a93b08ce53978641f0f0c56b9b0a7d73
219150,Hotline Miami,,,,,,497,35,13,d5bf432ec0975cbd26282389575858df9730364f,540a1457099f072ced7153239861e42f14febd56
205100,Dishonored,game,999,91,29812,2012,0,80,0,74f8ee1ba536e0759e64a9bf801fc013e16c8dd1,b94f5ff693304b7f70f88403d444686c4af3b940
200510,XCOM: Enemy Unknown,game,1999,89,25007,2012,0,85,0,48be2fee1d0d511b5c7313e1359beafd36ea92ed,eaa298d2b0d908b2c4f5370d2c8c59a8eff887c6
214560,Mark of the Ninja,game,,91,11055,,0,38,0,220f33169c93c2f6381cd785399fb52bfc79309f,c20501309696e5bcda98e9e4f2649abc5720a1d1
208200,DOOM 3: BFG Edition,game,1999,,2952,2012,360,65,7,00b2e4a81c7305be9203e17010d3a5ab51f53737,e5a209be19bf207fc9950ab03bde98cc736475d6
219640,Chivalry: Medieval Warfare,game,2299,79,42109,2012,0,49,0,d4628be29b7e97d93a3404870dfe79642b90b907,dd3488ae69593cedf5e73b818ae98e6737aa956c
223220,Giana Sisters: Twisted Dreams,game,1499,77,766,2012,0,25,0,ac543243f2541e7a7728bf2165c5f3ebc57679fb,9c8baddbab7938b5b995843d36526a30bd12bb1d
211400,Deadlight,game,1199,78,8136,2012,0,31,0,9a2dc288d16b2b46c4c235e0fc09e2acda030944,999ca8e7a742d1eff2cb6708dd12036952b31163
208480,Assassin's Creed® III,game,1999,80,9754,2012,3513,0,0,5d13ffd781fa7658903fbd762b51a76f8c734d2b,81f8b16b6f248f18e808967ce3ea19fdfed668f1
220240,Far Cry® 3,game,1999,88,43574,2012,0,0,0,8231f43d3dd47fb4b4111fd6bd4a849e73eb0520,47811cc7821070306a24622b5d33c04c85264279
220780,Thomas Was Alone,game,799,77,3164,2012,864,35,35,14a9056a76a256fbcfe833dd1420d01eeba14abc,b2194d8b207193e0e3d8ae2bc47a91685c577750
228020,Spacebase DF-9 Prototype,,,,,,64,0,0,88f905964ca4d747548acd5c6ee821b7642beca8,c15fd0fc0492fc3379bf815b0de61c9f9d5977b8
204100,Max Payne 3,game,1999,87,19911,2012,0,67,0,96af86331719b56cefc55298b4fcb99c99f1cfee,135cf60686c2bf570999b96d5c29eb31e962293a
209190,Stealth Bastard Deluxe,game,899,80,463,2012,0,27,0,2be85799c6d910119aa46b153d0b3baf96d0cf69,ace19954ffdbb6678481f3fa99e3a1f5087b400b
221640,Super Hexagon,game,299,88,14353,2012,138,6,0,ab2678a5d7768394e7482f89f613c0cf678f13d8,4af06ddc675125c0efdd125f5f180fb0eca53625
223510,Miasmata,game,1499,76,799,2012,715,27,12,0452bd525f71e53a047d3efb6ea1c59310703dff,b9f86b0c61074da0483995c51903e77a6765a81e
113020,Monaco,game,1499,83,3386,2013,30,13,1,169e693854d9f70984987fa3b6b5f1f9eb27122a,60642017342ab7f3c924ee9d13b99702a50e5d9e
225140,Duke Nukem 3D: Megaton Edition,,,,,,0,20,0,da6e994d2cd797567f44cf80f816a909468e9393,31eab0a88ec76aadf9867087a6c5f59aa7f811d8
225160,Shadow Warrior Classic Redux,game,999,,1410,2013,0,20,0,782389ab2535d0bf97f1b00ae772640a9ae09b00,a01d6486778b4a8af907c391d0b342e09ab5a733
219800,Pro Cycling Manager 2013,,,,,,143,47,3,da691d8be903b6c1ab850a127d8cf65bb76d7b1b,44173d4e6c219c8e1c432defcf7df312471fd8a9
221810,The Cave,game,1299,68,1539,2013,1086,27,18,5f4b8ad75a3da9759359149b762008cf290da6ad,acc11ba3303f4c706adccc75a1ee4fe28dc52727
227300,Euro Truck Simulator 2,game,1999,79,111523,2012,0,66,0,adc18a4fc9adc0330144b76d61cbda68bb2394a0,719b87f11209f9f20aeb237b3c6a42992bcf7c57
219680,Proteus,game,999,80,1188,2013,77,0,0,421489f519d7e67eed0854d169e001bebc8fafc7,a0db2a8ad167444d7132b405a11c73a57f376ced
219890,Antichamber,game,1899,82,9019,2013,818,0,0,1c3afe41623c51172ef1dc96427bf23bb940748b,23966982a5795854342af3522706c7f9c6a83cb5
231200,Kentucky Route Zero,game,2299,81,1226,2013,0,0,0,b20e61960b1b1fdab3073026336719bfa28a8cdd,47db5498046a3e6774bbc0c443c9f42eaa3f39f6
250600,The Plan,game,,,196,2014,18,1,1,1a07cd58c006e4c84569c9787b78933033c0368a,03b18663ea9aecc4f8dbccb59ae70261c2fabc18
291150,Evolution RTS,game,,,,2014,0,0,0,ca0520a1460069d38e7aee3538ce02520ccbb26c,14a335ad65e8429cb7e5a1c800615f03e462ff1a
256410,Might & Magic: Duel of Champions,advertising,,84,,2013,0,0,0,fb89f2bb4d890eaf81ead1d65e5ffe88d62625ae,2d8d95032b85e64bc8acbcb45929c31ecee0f05d
204240,The Bridge,game,999,74,2426,2013,0,20,0,d3136c9de88992d2a97b8baf876097427a6c071f,112da2a1e4e4e7e86f07f6aafc7d5866edb55871
225260,Brütal Legend,game,1499,80,6804,2013,648,59,15,e3f25fba8538e5fb1ead751e767c2774df4fb0b4,cc8b60ac1fa649c950ff7a9881b98709b8372f94
232790,Broken Age,game,1249,73,3521,2014,995,45,21,4b859c6d3dbb58c102276516b4cff175e8dd4ea0,41b5954cafec81314d6f223e38faca0a23501252
203160,Tomb Raider,game,1999,86,70010,2013,1508,50,28,3ee640a8aba6992678e36f4e40cba9c71c02348b,495f7d723659add6ea476b3699be5424282ac4b8
230050,DLC Quest,game,299,,4933,2013,306,22,20,536d9d40797d6b19c1e010b27b42c4ebf405472c,0dfb5f55501d52def13dea3a2987eee8781a5d7c
233450,Prison Architect,game,2499,83,26314,2015,0,18,0,c166c7911beec4d63a74cdddf25f26b73c84556b,fe2f32349f62c1a5d6ee48abd87a6232d32724d1
230700,La-Mulana,game,1499,80,1321,2013,0,64,0,4c10ebd5c3071b06920b464bfca327de6a55f845,75d5231594f6c50b9118abfe6b7d067026459b0d
3830,Psychonauts,game,999,87,4487,2006,110,37,0,460b6471db7d83ee6943c1a87f7a9f2898634952,b361ab26b2c47d4abd11be0ebd3d6b675512ec1b
115100,Costume Quest,game,999,,1622,2011,184,21,0,ba04f2c7aa5a5c8762d088d9a9fe10d67c92e59b,125ad90dba2c6c3726837ae9c1889d8009f806a9
115110,Stacking,game,999,80,695,2012,183,21,0,c6f9f3ea7afced3ac93e08b43c8e64aa45488648,5bbd716992eab33cc5bbcd54cf691da700372329
44350,GRID 2,game,2499,80,6677,2013,0,60,0,78dfd2533e0ee4cdf981cf13fbdea9596f1ed433,059c8f0e1995b134f78deaf93b0a352db58ba0e1
3910,Sid Meier's Civilization III: Complete,game,499,90,1621,2006,62,0,0,9cc953317dabd7b8e39690472872b37104b5e625,35361ed1c0f896ef34f0a42563b5d2dfb9e634a5
224760,FEZ,game,999,91,7505,2013,1153,12,12,900590f739d69da4f50112669f5d949a2e6b9261,d2789dc5fb6bfee4d07cd3ec06985593fffd606c
219740,Don't Starve,game,819,79,46080,,2409,0,0,03fe647df40dccc4d19bf42a0185cd3e6b9f2953,46cbbc2fcb14eb0bbbbaebbdf0b1e0eaf6f4c646
322330,Don't Starve Together,game,1499,83,57871,2016,1,0,0,a80aa6cff8eebc1cbc18c367d9ab063e1553b0ee,fab2e3b2ec6d14c6fc3ccd1671e85f85d0bbd91e
235820,Element4l,game,799,77,437,2013,93,20,2,326cd62146c87c1d0d2bb5386fda5d6162e8e1ad,d98036a017a361089f9589f44c1fcbdc834248ce
235250,Super Sanctum TD,game,499,,883,2013,394,27,11,fefcb58918a82dcbb182c227e529c0c8d03f5210,ab67720dc8d9eab0f32be6443dd2726aad24a546
234650,Shadowrun Returns,game,1499,76,6855,2013,0,0,0,13c8e62b9b079fba385a2d959ed4e8ce2c378c8c,d2ada23f204adf831dc89be7c6edbbbc38c99ef6
234940,The 39 Steps,game,999,,298,2013,347,20,20,060c887f8f2cb7b348b040ae5734592f06734556,701e589c0436061a3c1120c1d3f8346dce50bbc6
234710,Poker Night 2,game,,75,4375,2013,534,18,14,b3073e6f089447a9cf1eeabf7579600061546322,0b274bb5ade23104ce267a05ce7ac0f7aaa0248d
233270,Far Cry® 3 Blood Dragon,game,1499,81,9280,2013,3070,0,0,37ea239abeef5c5b2a90a2f821aaab745633972a,dfc8d8e94b85a3ce6666069bb5d17c2dbc3fada5
220200,Kerbal Space Program,game,3999,88,42151,2015,0,0,0,6dc8c1377c6b0ffedaeaec59c253f8c33fb3e62b,52c3e31754351fd276206aa7232972961fae0295
238210,System Shock 2,game,999,92,3444,2013,145,0,0,11448f6ffd8b78461aec3bbf94463b8d2836fef0,baab589a98155702c4b379a326e4a58ec949b966
43160,Metro: Last Light,advertising,,82,6858,,0,70,0,7b84b80d2cebe41ba87c59b28e2473d3b33e797d,b110ee3812ac0cad68505772019cf2bdc3ce1cc3
222730,Reus,game,999,75,3471,2013,390,123,25,e0b3cdc7b259184f20676b65c230c5648724c9d3,06920f2db1122c919fcbeeb3c8a88801e965adc8
210770,Sanctum 2,game,1499,77,6446,2013,0,50,0,4cdfa1d19be460374a111b718ce3a204f21ea1dc,333a8c65480bb85148bb3a185843a8520ae5d90f
236090,Dust: An Elysian Tail,game,1399,,11083,2013,0,30,0,3779535aba1ad565d504a7d52c6dd5c9eeb47fb2,544fd60b00696d8c3402828da7055fea64d619ca
206190,Gunpoint,game,700,83,7863,2013,1350,42,42,19a835390a85aaa08ef41adbf23c1d56e7d5ac9a,f82deeb9e1b01b8d8247d7824a7ce2f9ca8133f7
231160,The Swapper,game,1399,87,3576,2013,509,10,0,4d3e99b7d885baba60ea29ee1634cc58bf22e41d,11e08b7b00d8a24a1f83dec3e7c2ca08e98be78a
233980,Unepic,game,1299,68,3786,2014,0,57,0,4183d791378e064d24251dc00261dcf048f54ad9,f73ba613d68dbbe3fca617c5cec14786f74b80ed
35700,Trine,game,1299,80,7286,2009,20,33,1,298185d8ef9d688fe96a5fa15ee8174892f1c000,b4cc556db2d1101effb23e576aaeeb3b799157c6
35720,Trine 2,game,1699,84,10967,2013,0,97,0,061ecbbd7c70ae1c052377bad136c7759cbb708d,7d7c3b93bd85ad1db2a07f6cca01a767069c6407
242820,140,game,499,80,1471,2013,513,8,5,b4c2f57912256aef7cf649c42b768b8f162a78c2,1f08bea3bc30abc955bb3cb95a8f8d1a4659f4cb
242920,Banished,game,1899,,22994,2014,38,36,0,1c499bc7d659ddde65a1cd3f2cd7b6122211b4b1,2a62342148979d18e2b50ab8c5eebcfe6c99295c
233250,Planetary Annihilation,,,,,,0,19,0,cc7e967f96e5fb35cf45c742f2c73b2d4f348bd0,c9fcec848203470a2ff487fdb42e0fc9f6500e8d
241600,Rogue Legacy,game,1299,85,12074,2013,0,29,0,15272c0c114b2c715e1baf0cca44319deae74731,c591f688add1e008d5d92e82b9d9fa2332e20491
231430,Company of Heroes 2,game,1999,80,25262,2013,0,452,0,5e7e1866fb4f33a17393b0441cd1c750dbd91c5f,1be017e709b9b0638e82b399cc97de4667f44a1e
244710,Shelter 1,game,999,69,2177,2013,238,0,0,d1bb9fc9b2898b3586d30f69aededad342eb962a,e880e8dbe34e4cd10287be52906de8c63a4e6ee2
244850,Space Engineers,game,2299,,49160,2013,0,18,0,0878b7de9fb16056144e8c6dd93f06a0d3f0e36a,115f18763462ece5478d6096b22fd2f1faca0788
244870,Electronic Super Joy,game,599,,2496,2013,968,37,6,4f535c0b1572461c9c79c9e8ed71582427210671,59214c7b90af82ca24e5eca402101e111fb7009a
244890,Velocity®Ultra,game,799,,,2013,0,31,0,eedcef9361043a5a88c7c31cac252e6d3668ab14,6ec00096021db8b5f67699df73901a99eca80222
12100,Grand Theft Auto III,game,999,93,3794,2011,0,0,0,646c4b3bc16b6726e190b7a29717c4b71f9abc7d,0e73825e3abd7bfe43b55a49bbcb862aee7c2e71
12110,Grand Theft Auto: Vice City,game,999,94,7585,2011,0,0,0,5f7423da14152cfbe201103ceba3112988624a98,6ba37ecba052f89c72272dd28b2daa89087a7eb3
12120,Grand Theft Auto: San Andreas,game,999,93,22450,2011,0,0,0,895e9391da2b8155989022d9dd95b12e09766375,32e2d1d2054295603724f30c81c3cf46dc6392c0
12210,Grand Theft Auto IV,game,1999,90,41369,2008,0,0,0,a3cf6a64c73f991898a9e34681d0db8226eaa191,47fb2a3e0763be24e49662591d6e076c58b2178d
12220,Grand Theft Auto: Episodes from Liberty City,game,1499,,6462,2010,0,0,0,603a444d9092d007f2d9640d12ebba62b1efc377,40d1512d5922313878298c3731ffc066091a113a
12230,Grand Theft Auto III,,,,,,0,0,0,,0e73825e3abd7bfe43b55a49bbcb862aee7c2e71
12240,Grand Theft Auto: Vice City,,,,,,0,0,0,,6ba37ecba052f89c72272dd28b2daa89087a7eb3
12250,Grand Theft Auto: San Andreas,,,,,,0,0,0,,32e2d1d2054295603724f30c81c3cf46dc6392c0
237110,Mortal Kombat Komplete Edition,game,1999,,9102,,0,50,0,3b9c627b90f42cf650d5848e2fdd779fa4e6eb19,307dc1eacffd54e5a7a02b663cec1c5105059811
201420,Toki Tori 2+,game,1499,,476,2013,0,38,0,dd1a4ef8d8f2dfbb49e33526c9679b70eb4018c8,e8ed55e30253308dce96561ddec29b237037934c
237530,Toki Tori 2+ Level Editor,,,,,,0,0,0,dd1a4ef8d8f2dfbb49e33526c9679b70eb4018c8,
207140,SpeedRunners,game,1499,84,12921,2016,125,29,9,65cfa21149c415430fe36d83c23e079e6db476cc,9cea1681e07aa5578508b27ca9e6ceca42dc792e
368730,No Time To Explain Remastered,game,1499,,951,2015,67,9,0,4cea102f506d192056197b347544bfe77489e847,ee4a606dba7848e97d5bf4fe1e4b0ff8e67a889f
246960,Giana Sisters: Twisted Dreams - Rise of the Owlverlord,game,499,84,257,2013,0,17,0,e5e2eb776c6c031bc60b8207572170ba886ae111,e362c18646138713969102339e33dded7b474d0e
247020,Cook, Serve, Delicious!,game,999,,2849,2013,0,52,0,147c902c85b3e96d834932f692122bb228bf8233,de4baa7c9a46021dee1326254687f4d936b16b8b
214770,Guacamelee! Gold Edition,game,1299,88,2505,2013,897,60,31,2542d8e59fa2a5ceb5b16f6fa052d6aa6cda7c69,461f1e9e34cf80edf3581d78c5d24e20501eeaf2
225080,Brothers - A Tale of Two Sons,game,1499,90,27413,2013,516,12,12,9d6e8bcae597582734b382d8da93e5fa7b1c640b,12f5c3aaa2b1d69d0786e1d09e0b77e2da6f8980
244070,Sid Meier's Ace Patrol,game,499,,234,2013,161,52,5,b76a0c841711b4d63edfb8319da34475cc48bc3f,a163aed68bad7ea939a250890650e101e6482e31
239030,Papers, Please,game,899,85,21745,2013,1977,13,13,102e22fc7e0689cb5a9d8cfdd5a6725d571d1a0f,eb4c045f73f9a4b1bac708e70fb12f12cd53010f
242550,Rayman Legends,game,1999,89,2681,2013,0,0,0,3525d947218233e1c2fbcc85faec66fcc1847ab3,b163657cc450f59ce5ba002b8cd961f54fbde6ba
243780,PixelJunk™ Monsters Ultimate,game,899,72,290,2013,37,52,0,d159aa7aea3703f90ce9c3c20b758aff0834574d,4aa30ccaf8c96eceaf4f83fb3e45722e51b55aa9
221680,Rocksmith® 2014 Edition - Remastered,game,2999,,4149,2016,177,47,2,26c3d3ad45c9386e909613e5d115e73955501844,f7d201a1638d020101fade6d8d51cf09c33b3b1c
237630,DuckTales Remastered,game,1399,66,2868,2013,0,20,0,65047061a0122f4a97f7e1aad43375e9d6374e66,690e3fa20c78d99ccacfdefdf2e7f1b26a5a7f91
860950,Mark of the Ninja: Remastered,game,1679,,358,2018,0,38,0,15cafd79313f15077051ef753a66e50fd2c41596,0591533c925afaf79a085c166e7bd685f8bb32ee
248610,Door Kickers,game,1899,83,4632,2014,106,43,0,032d0add3be1edb5960c0d0e7518d16bd4971b7a,33117ce07892212a1e3dad22b559950c6870a12e
248820,Risk of Rain,game,999,77,15962,2013,0,15,0,27c63bdc153de52355c8e6983baa4bc0aedc3699,62869ec060e6dfdd3ca53e23c85e30a16de9c291
239350,Spelunky,game,1499,90,7887,2013,0,20,0,f11cc6800f5139e79643331be28c348cd7ccbba2,1a3ce75a075da21471d4d376681b6a8dd2c4a8bd
232430,Gone Home,game,1249,86,10900,2013,273,10,0,b2328725f61ca5bd5e0286f26e6c61185d1f27f5,8d86da75f094220994bdcd5f842469af36cacd8f
235600,Tom Clancy's Splinter Cell Blacklist,game,1999,,9886,2013,0,0,0,79624b568725b40abafdbbbabbcbc425fca3e6f9,4f8c6c8ece7e758498b48ff504d6bd60809ca7f1
209000,Batman™: Arkham Origins,game,1999,74,13052,2013,0,60,0,76dac70a2206de1a80da4950da43e1b05ea302a8,21a0c80630abe3a9dceddcbc224ed6b5b763c5b9
239820,Game Dev Tycoon,game,999,68,24210,2013,0,35,0,f63ee73113b0880922a84e8d6af0d222fef91c40,9e60329a8cef940323063c8b744ed4d8bc01638c
239200,Amnesia: A Machine for Pigs,game,1999,72,4144,2013,0,7,0,3bf781ae80c6eeb8827819fb2ed92aa2353d3007,5df7be324aa92b538c4ef24cbdec85dbbcf950fc
250500,Super Amazing Wagon Adventure,game,249,,1486,2013,67,0,0,da17cc7d9e53f45760e22fc953f1e30dcbd3f8c8,93d17f69e2886d95061fb8f13f659831c5866547
250760,Shovel Knight: Treasure Trove,game,2299,85,7569,2014,0,85,0,d57454bbca8e2773cb5ff5edcc7e6764be8180a3,e4ce65c2c062f119e70dde3ebf97d84c4a9989ce
250900,The Binding of Isaac: Rebirth,game,1499,,58345,2014,0,403,0,16d46c8630499bfc54d20745ac90786a302cd643,c7a76988c53e7f3a3aa1cf224aaf4dbd067ebbf9
251370,Escape Goat,game,499,,334,2013,313,16,5,cc11ab1317bd34cd4a9f3a1025c69f898b7dcc80,8b989cdbeed79d7113484bf6a9a5f4eff19d9dec
252410,SteamWorld Dig,game,899,76,2699,2013,0,24,0,7757c90bbf65e312ea4871106250077e78007bc6,99e9e265feb90662e9d8cacc6c8e285e8fc00d2d
252490,Rust,game,3199,69,186176,2018,0,48,0,820be4782639f9c4b64fa3ca7e6c26a95ae4fd1c,d83228eaef6c95c244976b6dc6ab357e6c7f0911
700580,Rust - Staging Branch,,,,,,0,6,0,820be4782639f9c4b64fa3ca7e6c26a95ae4fd1c,d83228eaef6c95c244976b6dc6ab357e6c7f0911
252670,Nihilumbra,game,699,75,1914,2013,0,24,0,36bb7d52da07a2d2330391a8feea523cc2f85f2e,437f8a33effb403cec3f83eac936b0fe47359deb
252710,The Last Express Gold Edition,game,699,82,182,2013,0,15,0,b79d5312c9f300fc338758ec30bf06d78f5f87e8,bee2031733027e6877777175d34d34aa9db2c7b8
253110,The Cat Lady,game,899,81,2381,2013,167,25,2,daf00535c97cc44a2d40286e45393b24097e0b12,62b785bc0c887b5fcea12e1c7f78811a994e1cef
253750,Ikaruga,game,899,84,1280,2014,0,25,0,cfa6cdfa6d0be1f019091d8ebe7942f44bf9ebda,2b0fbd2f0c98d9ed0be6189e779d3c2010067c4d
208610,Skullgirls ∞Endless Beta∞,,,,,,0,0,0,7bf859db736b8825045b0cc79acc4bb7be8cd7b9,33974b81779c888b3b4d9c4b91d86ef0907b11f3
245170,Skullgirls,game,999,83,9382,2013,0,16,0,7bf859db736b8825045b0cc79acc4bb7be8cd7b9,ca3f7bd4fbb3cf73855ebce91b6dafc2104d651b
236450,PAC-MAN Championship Edition DX+,game,999,,3147,2013,96,12,6,e5769d28986cf02b7e8cd21a7f505fca28444779,099c05a258bbdb9c6ddf327c14fee4a13d0d86df
254960,Silent Storm,game,999,83,535,2013,0,0,0,556113aa434c5e42eaff520d97dd93a15fdaf3cd,e5bab4bd2f1922397669a9a6b42fba09a2d67cee
254980,Silent Storm Sentinels,,,,,,0,0,0,e8bf8050993773519298320894ff8f1620f3868f,9fe1f9ae448fc03547cf8bd2b7372de451911d79
255220,GRID Autosport,game,3999,78,3724,2014,6,60,0,e43efe73a4b718bd90132cf519ebdbd329d24ea4,c8ef54ffd81bf8d34b658bad3009ffbf91197093
255340,Escape Goat 2,game,999,76,153,2014,0,16,0,dca12ca5d3ba994372598a276fda66eaa4007843,f2930ca94fccea7c902472c4f1600083d8db8af2
255870,PixelJunk™ Shooter,game,899,73,177,2013,19,15,0,11a48769c54d8aa095a761a05ccc37117cb50514,084de6bac1d334320de1c535400370c97d43a4dd
220260,Farming Simulator 2013,game,1499,,3051,2013,0,16,0,79a6827ff70f6e6ccfb7878e548011b6805c0143,46124389db3adaf87a62b27e94aaab6a4b998af8
22120,Penumbra: Black Plague,game,999,78,1274,2009,0,0,0,ec88493c14d9e8b7f90bcc4c12841931dcf53611,0412f1d1a62e67c1c1f1ba9f14bed1db2f232a4e
22140,Penumbra: Requiem,game,,67,374,,0,0,0,4486da532532f78450e38679d439a62b0c01f174,2589e1cc6b9e98581c3173e05ca105df7cc3ea88
22180,Penumbra: Overture,game,999,73,1494,2009,0,0,0,2db20eef4e5768a82d2cba3b62ec0e10bafc0c94,16ebed8c557f592b5d3bd4f8c2b52ba9b4afe578
233130,Shadow Warrior,game,3499,73,11459,2013,0,92,0,5d7c205ce18f17a99c95ff81499c2f496e0570f2,30d29d6ec47f0b586349106f8265e69ee091ce95
255520,Viscera Cleanup Detail: Shadow Warrior,game,,,1468,2013,63,2,0,56c3840d52a0da4f397d9991d368c75ed53d99fa,09a86e49413f57dc99f2e7f54b029868ffb5cbc8
235980,Tetrobot and Co.,game,899,72,183,2013,0,30,0,caaeccda0ef1675e1ba851bb2bbf442eccbdc360,b897da73713d37ef6c80797cdfa4c2f3b2638b41
245390,I Have No Mouth, and I Must Scream,game,599,,714,2013,0,0,0,9b6679ba690284576d98e257f792978404f6f518,870cb6d9a91874f05a93e58aeff147ad6e3bdcec
238010,Deus Ex: Human Revolution - Director's Cut,game,1999,91,10782,2013,0,59,0,6c7ccd62c124ae63820e06ed9b24d4559c5b0b1f,4bcb3e48bcb2ebb52403b1fc3f43dbd43607ba2e
259530,Savant - Ascent,game,199,,2040,2013,1163,14,13,79cc46423da339fa03d9f8ac65b26d1a78e24955,213e390c78ab0e26c5be8b7e91be546b5f4e0b13
94400,Nidhogg,game,999,81,4392,2014,333,12,6,7c48625fa63e0afd2595ba1f719758ed3d89fb03,ee9b887a867847c0a584c3698609c81c537c6ce0
221910,The Stanley Parable,game,1199,88,29157,2013,2928,10,10,d4958966dbc02d7a282c52552f71ce6910957b63,80de64fedc906c4d81123e7ddc1d61d39183ab2d
260230,Valiant Hearts: The Great War™ / Soldats Inconnus : Mémoires de la Grande Guerre™,game,1499,,13091,2014,490,0,0,903f95e08ebcd45dfb78deb171b2f12909892be2,f3269280b3379f701de6d308b6d3fb3868079741
244090,Sid Meier's Ace Patrol: Pacific Skies,game,499,,132,2013,109,50,3,b5f557ed1b1258c0444dbedf6ad1caa9e52fd954,2b4059f841ef76705ba9cdcb0fd556c17c90e3fe
236470,PAC-MAN MUSEUM,game,1999,,165,2014,156,12,2,4b1897924b67aa33a04052cf2436fe817250ef67,28e3d718c95e6d0205cd1c835120a44d0518fedf
261030,The Walking Dead: Season Two,game,1499,,17694,2013,704,40,40,8dd081faf73fb7ff57151a1498b7025e8fc85dc4,fcfbf375cb9249601eca22c1847447b92e15d82d
261180,Lethal League,game,1199,82,2706,2014,140,23,3,9d667a8b47f936f99a96328c7835fcb3264511c7,1d15bb3e7ebf3c8ba369309c34b577bb852f4702
219830,King Arthur's Gold,game,999,81,2541,2013,0,64,0,be02fc5638b8b5b7935452849e8e88ea173e061d,15cb57dfcafe3da2e6d9c5c1fc52fb719ab87b82
249130,LEGO® MARVEL Super Heroes,game,1999,78,6235,2013,0,45,0,8462ed9e1004624c7109233eafd7098211da9f86,8b012ffdf2cb13e6f71cdf3606ce053c888ff3b5
261880,Corporate Lifestyle Simulator,game,399,,298,2014,169,0,0,bbc86454cc76b199c0ce98b3c81c1e6fce54515e,82c82bf874f3dc3ca2408d257adf4a9a7df8b7a9
221380,Age of Empires II: HD Edition,game,1999,68,40902,2013,7452,294,65,109c74df17f9b67ea47d8f01e3d1ec25278b9f73,37e9da3f1174891fe38f8fb0206acda8b6bfc729
16700,Stronghold Crusader Extreme HD,advertising,,,,2008,0,0,0,b6d157c98d12921c4a3a13182174aa0bff22d810,b95469f2d56b6825e867dda281a1e5b5779f4644
40970,Stronghold Crusader HD,game,799,78,3276,2013,0,0,0,e8ab759836e51dde895aeeb53bdb35959dae00d0,209b203f33be8f793aa7288ec7e22f93a9a2dd90
40950,Stronghold HD,game,399,81,2404,2013,0,0,0,d926a3fecaa591d1b64e823ba74d990ca3d94543,af85576895125cedeb8a37c15ae7abb556c509ca
264200,One Finger Death Punch,game,499,,10706,2014,1535,152,100,2db66d5c9c2b4fe60afea1d3d331f6fa7d6d5591,0f79653b6880243d6262ecdddb536e8d5a3d8d38
2500,Shadowgrounds,game,499,74,906,2006,0,0,0,76d859ecb19f27dfa273a7934950b8f99fbd7daa,fcfe37ec2441bd95f1cd1bb5c527487f0690f9cf
242700,Injustice: Gods Among Us Ultimate Edition,game,1999,,6919,2013,0,50,0,4ea9f28360ca77b2ced5c8ac5545fcfc6ea8ef15,405bc57977d5e6fb112765e63fffcb110dbcd751
266010,LYNE,game,299,,6120,2014,2245,33,33,8f9809fa07b3cc3da1dd70f3118aae6e1f241087,c2e5b693de7cd46328aa8dd24add10b4f425e7f1
266130,Breach & Clear,game,1499,,1565,2014,0,64,0,26dc1c75df69df7e3d1d6cd1d86b2b7238c187ac,d32361035e143a77f30581c5fc9417ab4ec89035
266840,Age of Mythology: Extended Edition,game,2799,66,8291,2014,857,70,2,43e500d938e87b623c11a02d7b80f7e9018fbbd7,4b7d2e9491ecf24ebf34973d80ae1a0aa066edd5
267530,The LEGO® Movie - Videogame,game,1999,,1353,2014,0,48,0,74b77a8e64398e29d6d53bd10a07975f73bf1b70,4a57c3cd0e5b4c9a3c6fef681bc80a2486bec780
269050,Year Walk,,,,,,254,10,10,97679f242d831f80b01de3d61fb271fcb238f544,3e6eaa87211994913421f2e51d7ce3616ecf14c7
269490,Bardbarian,game,799,,692,2014,0,22,0,6b0ae27accb8129ddc1b30fab250cc12ba756b52,2a1b18274d1eb251b87b29cbed12c69ad9559ed6
4500,S.T.A.L.K.E.R.: Shadow of Chernobyl,game,1599,82,7918,2007,1,0,0,c57f5fdde74464aed0a09c2e5dd41f8973cbee8d,a4f810cb3cbfa8562493e6d9b4fa0afb9706aeb7
20510,S.T.A.L.K.E.R.: Clear Sky,game,999,75,4403,2008,0,0,0,82713e11a93dcbdbb0e1158b2e289720000bed3c,1450b83aacc40e5a206e0c39d17b0110e376ddb8
41700,S.T.A.L.K.E.R.: Call of Pripyat,game,1999,80,7539,2010,0,0,0,60b32d190ebcaac8d2b2aaf16db2b07015616eb2,93b0cfaad1110993eff5f2017d37511c3e5258a5
270850,Car Mechanic Simulator 2014,game,599,,3073,2014,371,0,0,5d8351198ebb61327c0f6d9c11880e0906d6ebe1,fb904b321b75c5b3aa9e68d0b6b68e5e5ec7e1eb
550,Left 4 Dead 2,game,819,89,138865,2009,0,70,0,7d5a243f9500d2f8467312822f8af2a2928777ed,205863cc21e751a576d6fff851984b3170684142
7670,BioShock,game,,96,15226,2007,1329,0,0,9a7c9f640a76e6a32592277dbbc36a0f6da05372,4c2a7f97e6556a95319eb346aed7beff9fe0535c
8850,BioShock 2,game,,88,6852,2010,1258,68,35,f5eda925c0e57373aaea4cae17b6f175115a8d54,fde6fa1b15e4eb409c9d592197024571fded77e7
8870,BioShock Infinite,game,2999,94,55356,2013,1487,80,35,4ebaf5f9ee74f50152f7ff361debef7553fa0e4e,870bb889e192cf8d31876ed04d329a5d51c6fc2c
409710,BioShock Remastered,game,1999,80,9002,2016,0,65,0,eb72262cd3ccc3219dd76392be3b60a4b6cbfd38,cb7318b68128f6aa90c9e4e2d14544281ac22da0
409720,BioShock 2 Remastered,game,1999,,3565,2016,0,53,0,97527a02b36f8ac4aba21005c2d953cc908a08e1,34c3f591cf4cb28711d7f33f73dee0f09cdb94a4
272040,KAMI,game,399,,559,2014,426,0,0,e4d575b083cc8f210288660a21a24e53294646e9,342f6f9b4384834608df6d61839bc6c0606283ca
237990,The Banner Saga,game,2499,80,8722,2014,685,39,27,e64d55d8d84214d216a51ee25de58299c5d16f59,337592064585a148a69e685df93680d957d4928a
272270,Torment: Tides of Numenera,game,4499,81,1204,2017,0,52,0,9a67077bead625ee52701abaa1c54cc98d2015b5,3e615bb933660280a43929976dac32e11a965716
274170,Hotline Miami 2: Wrong Number,game,1499,,18739,2015,0,29,0,3fc78b615529f78cc24cea247c7b2ee50c551bbd,5fe421c02a39b9ae847c32c62c3c62d84f1b575d
274190,Broforce,game,1399,83,23869,2015,882,17,10,aade0d272c8df1e1ea7e47d4baea36cb80e8b33d,c6728f33769caf6ea6b2a4421579d91fe3029eca
275180,Costume Quest 2,game,1499,68,400,2014,599,18,9,6d745d162bf282b475850a8eed6602cfb9ae33ad,424c83b6825582c439696a47718cfb0dd8defcec
275390,Guacamelee! Super Turbo Championship Edition,game,1399,80,1193,2014,753,30,20,933dbbe576dca66cc46757e58871b2ae597a16bf,308ffe62dde83000f2ded073dae8feee16b187fa
278360,A Story About My Uncle,game,1299,73,9177,2014,0,15,0,feb33a53334222c82aaf0545e00913bd92bcd3d9,c09b785aaf65100b28703e661223230db6e3232d
48700,Mount & Blade: Warband,game,1999,78,54039,2010,0,80,0,0773e90a6991a5427df4ee516687d832d92b050e,09b24ebdad4b8c24851ad1714e49e47a40ed25d2
282070,This War of Mine,game,1899,83,38822,2014,73,42,4,38ad6fd10e2b89ab24e8013584ece7961bebe086,4d2ecaa400d7937fdfae6642b73ad5695c393bf7
282140,SOMA,game,2799,84,12922,2015,0,10,0,018a23ae2cd618b302731b91fcef5954c22d615c,ae099d49d4353982e81043704ef239d1074cc67d
282760,Circuits,game,499,,1598,2014,9,15,0,4f5d542a05347b80734ef12981af9005809c2ee3,7a108f4a205f48460723966b9ac482206a05cb21
285160,LEGO® The Hobbit™,game,1999,,2154,2014,0,39,0,b36006499181631396618d8c32dad8c13c6263ae,4e0add73085939dff818bdc506437560feacfd91
285310,RollerCoaster Tycoon: Deluxe,game,599,,2761,2014,0,0,0,5b6883725dc44e6547708ca7cae1d2ded82d1dff,e9204cd04a88800eab0e1c554b0d9051169da307
285800,Braveland,game,499,,746,2014,0,21,0,1a951bc30680a965a9cad9f689b0d1ff6a0c3f70,260c872058698b273fac798486d1d33d080d0b9f
286160,Tabletop Simulator,game,1999,,7398,2015,136,27,2,19f5b90e3c7084758f885ded843631b13929fa26,4cd5c6a6580ae6e85026ac670f9fa1a0b45372c3
226100,Nom Nom Galaxy,game,999,68,482,2015,0,32,0,dc080346c53be71f16bb8197aa996e6322ab63c8,a7bdbb7f7df7faa627fd34713fb20314181a3bcb
214550,Eets Munchies,game,699,,,2014,155,14,5,17b2e8425efc9d35b2ed559f43dd820272d58d66,d9c64980c302b2f4d7d62228041bef3e315a644d
287450,Rise of Nations: Extended Edition,game,1999,89,4322,2014,260,38,2,0e142a02add319e32447f957a30fd1d360e62d3e,2fde83563239a51e056de7de29b598e712e2a907
287980,Mini Metro,game,999,77,4797,2015,0,45,0,1b389229474bb7112d0f0b8189b1cbe4ff8f14b5,1e425e3b7030e1047843f09540701564842c4640
288160,The Room,game,499,73,8848,2014,324,5,5,2e4f032d5c7835353ad8478072a1fae12e8d65c6,dbba8735b55581dfd361e856103d9c0e6b434fd8
288290,Super Game Jam,video,999,,,2014,0,0,0,369fc9270b602332e471f96cf91c4d9a2f1b1854,8d5af97db1ac944c66a6a2aed23598cf1bd09b01
290260,Sokobond,game,999,82,186,2014,183,7,4,5fbb1fb7f73a33693bd3347de1d7180cfadbfd63,3eb9e48361918536e7ded54370e62ee614ca2fce
290770,The Fall,game,999,76,2328,2014,11,17,0,ba47c2f507c83a267c2182805d747120e8117050,3842fbcad476bfc442df26181feebe428676af24
251430,The Inner World,game,1399,72,257,2013,0,23,0,1d80cce2b884a54f983700b4e1b4e98fc4b8cf0f,947dec2942d74ec42deaec8a343adb98c97c8a57
261510,Tesla Effect,game,1999,68,450,2014,0,0,0,01c27042b10508655cece44c20e6cd73ea35e440,53d94354e7aee47eac3169b53cfe326b62f25144
293460,I Shall Remain,game,999,,,2015,23,104,1,70c2999e8c641da7ec70fadb691f0ce8fceb9975,c7d1f0aec6713c224484da629a45ed9f375e33d8
201810,Wolfenstein: The New Order,game,1999,81,19611,2014,66,50,2,965b8943ad172d8cf0c74e86068b4aa670aba92c,e945e10daf94f6fe80d629a1c3381125df27f4cb
295690,PARTICLE MACE,game,999,,1053,2015,1130,21,5,4fc1dd992d43ee4f25b24bc5aba36c7778864351,304fb0ac2de1930367d3193725a732c8865027c4
245620,Tropico 5,game,1999,75,6646,2014,125,70,0,2eeb96375072ce1d25254514f299181956f1513e,d121d7d94f29984cae3f322b2925cee5b05f5ca2
246070,Hack 'n' Slash,game,1299,73,432,2014,151,0,0,57587c74e58cfff46972f0cd3867ff7ad4f3a30c,47a902e7589ee213d82159a22cddb2cb8428aa5a
41050,Serious Sam Classic: The First Encounter,game,,87,1115,2010,0,0,0,cea6023e6838f6fa46fbc5ca52ab6f86eda5d299,5919f9eeab2d3a86010700f8717314c5000eaa9f
41060,Serious Sam Classic: The Second Encounter,game,,85,614,2010,0,0,0,3a91909b8335bcbff762d1f960b6960551e7e57e,7016206c23edc10a5c21e8bf5eee62a1b6363d33
227780,Serious Sam Classics: Revolution,game,899,,1166,2014,0,39,0,7410c5c0200d756c27cb379a87bf357f78a0e08a,358f8278a9f26eca0e63a39a64956c7f7df8c905
296470,Mount Your Friends,game,499,,4330,2014,205,8,0,c149e3b23f5ee0b6b9706e0dad7c92d329b83b04,a6b7346ec0879c33d1962cd3d913efa3e2435b6c
296870,Dreaming Sarah,game,599,,1303,2015,321,22,22,6089134d8451b96c30185dfce7d166688d5dded9,4cdfbc8074d883d9ba6131708b6d2d367bc314cc
297110,Cosmic DJ,game,299,,754,2014,72,0,0,50c39c19b9df505b389bfb9db22610716b74c66c,3565adf21e549aeca908ab6f5e2101ea271c565f
298030,Total Annihilation,game,499,86,1144,2015,0,0,0,4e53e7beca62a63874d2c0420f52eeb70f74f741,040a094e74cb0d0d946ba53aafb41721514b3d98
298360,Immortal Defense,,,,,,0,40,0,cc88d0e3e0f28744ef7e9f3ab1aefb9415811500,93d140298c334fa5794ad4e42702e5f2f8db4c07
238460,BattleBlock Theater,,,,,,16,30,1,2f258aaff583d797812cdcf24830d5992f48733b,13380473acaa95f843301b8a21a383790ae384de
237930,Transistor,,,,,,562,33,9,b45dc369d45afe945d379e75545959f845094f92,705c88fb22dc45a6e886f5afd96ba3c2e258aa06
299480,Rogue Stormers,,,,,,0,44,0,f41b551459e459bd7d6f6c6501b94010ebb3b012,9cdcd1644b6ae2434258906f436ff1d8176b1013
300300,Ichi,,,,,,134,17,8,c0f692e308f66d704f1cbad6cce096cae47fcbd4,5593ac0477eb7e6419a5a9f9988e5c7c277a6518
300550,Shadowrun: Dragonfall - Director's Cut,,,,,,0,39,0,1fe5384c9e513285fd2eaf920b2615f9f0dab4b6,e0c29af1992441227caacb463b2b46b9f41b2309
300570,Infinifactory,,,,,,0,22,0,7566ab0b4fa8cad3c5c15b4f9a23498441a04281,5b41f9020fa38615e7a40e3db2bf2b50bd2dbb64
301300,Chicken Invaders 4,,,,,,467,15,13,7e54624effadc9ee9f43fe12535ebab30c059ce0,20967fe8da4c1fc1012cd794372a329d988a209e
301460,Electronic Super Joy: Groove City,,,,,,339,8,8,cc183a59217d668ff47c615a61e75f5f4571f01b,60037dcdde66492041f981f41ddc12fe37e0a112
302610,Boson X,,,,,,344,18,6,8c40cc803a2106e1b2eec07886f3445209e35272,da5a0f9c18489ca57fa2dab9ea31a8aea3723fa2
302690,Metal Dead,,,,,,0,13,0,d04aee0b051e5a219095194e5fde191a10c0cbb9,5b79a7d03f266df08697cadecf77460758267ae8
303210,The Beginner's Guide,,,,,,113,0,0,335470301322904bd6eeb32076595df7a811e015,5ab637aaec9ff33e1c2ac2fb219f6504ea89a902
95400,ibb & obb,,,,,,0,10,0,a815ad1369228f0736d555aa52d805c49feead94,05f74737a01b3bda577ab2492116c25006593a18
304430,INSIDE,,,,,,483,14,14,047e00c80d6aca008ce5eaaf54df4d98c822ee19,330a1902986716b0ab8947c8571687403bb99d6e
304460,Qora,,,,,,1,40,0,9e5fef692e57cc17fac19d9e7f823dfd64234cb7,a4fd5a10a122ce6f969bbc20742db69c70961132
305050,Outland,,,,,,0,12,0,bdfa511693bd167835fb1d32331f0a579dcdb9a5,26c5b8f3b69f028073168ced552f87e40a9e4b58
250400,How to Survive,,,,,,0,43,0,2c493ce76970c4d70183c17b2e44b0099f0c56d5,2f8ca72af2f828d0480aae0998d1d79532599366
38420,Fallout Tactics,,,,,,0,0,0,0f81d73db11d9b460eb268440793e76d02dd8ae6,1f869f415d23c18b4bd6d5355b4f6906b0b7b144
38400,Fallout,,,,,,224,0,0,df0001a1aa011e6c7a8f38a65908070eba3d2f61,ab93e9e42e069b83926c8554de635142455aa271
38410,Fallout 2,,,,,,0,0,0,df0001a1aa011e6c7a8f38a65908070eba3d2f61,2ca37c1ab1582d9c50806d5d06ff7a63b60add10
307880,Savage Lands,,,,,,0,20,0,dc51ca712ce91607993e34b051ab37ec1eab2aea,805a891c376e2f528504e0afb5b80d7fb69418dc
308060,Black The Fall,,,,,,324,14,14,a407a2e80237788d5726a845cfb62087b7588940,3b715644b12a0ac2a29bcde2b37ee65cae9ce0e3
310080,Hatoful Boyfriend,,,,,,673,16,16,1fec8ef53bcbd40149e47820abeaf969f364e1da,2bdfe5a272a3c12e2d12add904c92bcce1e1118e
240760,Wasteland 2,,,,,,0,46,0,b86ee8dadc97895c777934d27cdc4e06b2105a34,fa2f340bb16fd48e63e3057ce0bba89b4b4d4a34
259130,Wasteland 1 - The Original Classic,,,,,,0,0,0,9129c128b196754cf9f4c4723edf5f55d956f5ec,32c6b63cdd3a0463fefe02a952167581940de795
404730,Wasteland 2: Director's Cut,,,,,,0,46,0,b86ee8dadc97895c777934d27cdc4e06b2105a34,ec9d8645a4a9bd4fdfdbb5aaa8482bcf8c75ce9a
311190,Super Panda Adventures,,,,,,0,0,0,626766f283855ffe884dbace087e9fc0a73f6329,cfcc9a9f74aea913286f978bf61491850f6cce3f
311870,Super Trench Attack!,,,,,,503,24,24,2d16e20c0dc9badb2ba0efd3e5d0246d7edb27b3,bb9413db8fda714bbffcb60aad20b8d6ee8a0bd4
312990,The Expendabros,,,,,,60,0,0,63305a7d0473b92c6d8830a3f62527e64c479e7c,2f79038df0cb083412a603adcf933a082698a1b7
314020,Morphopolis,,,,,,194,13,13,e425a6c4512f5c35a6cb08ff855630889ef32b29,a3223550e1f1946d25c7624f64ce26820d02ee2b
247080,Crypt of the NecroDancer,,,,,,0,44,0,d6b5298b33cb990dcbb3fae94db4b421b813a724,fe3ff9862c49f34a6b8705bf98baa0f954fcd260
315430,Polarity,,,,,,611,10,10,65a5e1336816df79435ac5164644c62380c3f133,fa221c44f96b38c6f5d1761019e7f9084b74b303
316790,Grim Fandango Remastered,,,,,,364,47,20,4e9da606cb52dfebf296dc8d3b0bc6ba81065a52,1cd953b329e53555cb1acba0b615edd75ad72ad4
317280,Solstice,,,,,,0,18,0,1e09b69ffc755dd7653e60f0dd955d4fe76160fb,23120439273c08afb7138844ad96b0ebd8a1f7f5
317400,Portal Stories: Mel,,,,,,478,28,14,bf3360bc5594c6d1e8e0eeaaa2f7b09d6bf7a6e5,f2b748a13a54b5613a8efe07553222c0de694f20
318430,Squishy the Suicidal Pig,,,,,,326,11,0,32f01eb14852af74a09807dc7154f6e9ef459d77,904c447f79cb6ce4b1402a19ab598b3fa45b8204
318600,The Flame in the Flood,,,,,,0,36,0,c02a40cc55fcb8f37d02680b1ee0da53290da5bf,f4b4f192dfbfb2a3cba25e179710436950699531
319510,Five Nights at Freddy's,game,499,78,15037,2014,161,0,0,5da39a273efa65643cf4c12025898da0076dad69,93881986f2f6f5a1dd7206eda9f9f3970d67a0cb
265890,Hexcells,game,299,,2875,2014,470,6,6,b10f170738dc96144b7ff59b745cf52f5dcb1ae4,c7829dd893d414315992090d6f30fc4536d91b61
271900,Hexcells Plus,game,299,,963,2014,2241,6,6,d1b916708b853d9975e11a28252c2f769bd232dd,a8a77f4cf47c6d8e23b645d27cb5f12ab70af11c
304410,Hexcells Infinite,game,499,,1630,2014,2426,7,7,be1d6ba04e87f319905f8de32244a1b7a814e014,912083543054063e58b0370a1c246dc8063216d1
322170,Geometry Dash,game,399,,46846,2014,19,120,1,7e3919a83bb8702042c45f200432b7773fb86bee,c9f54340d68e1a2190b891cc55ddceae9bc63f32
258520,The Vanishing of Ethan Carter,game,1899,82,5720,2014,0,14,0,d94c31f17ff27a733fd01ecf929106264b89b8b5,bdcdde76010c917f2c63f99c093aaac86583e0ad
400430,The Vanishing of Ethan Carter Redux,,,,,,0,14,0,1385cf04f3625f1281c964f070cc6eaeb5642cd3,1d5dcfed693a2b01a9fcdddff3c9bff9ccaaf4d9
323060,Tharsis,game,1499,61,1146,2016,0,12,0,7a301a9d0c001a273006880def53ca17b9de5500,e9f50d6a9ec255710c084848c2924e48f4056c4f
323320,Grow Home,game,799,75,2758,2015,0,26,0,acd05186b5f70b1007745f38cb30c7be5488cb5d,f4b4226f4715ca8e68c8ed4ddbbe3adb0cc5f8ab
323850,Move or Die,game,1499,80,6051,2016,0,66,0,3998d6f23592638da8d080825cc5da2e6cd4ffa3,7be18e94e60c03d674852ac952d4aad8d12b787a
324070,iO,game,499,,,2014,30,39,6,b2dfded079a4e5ed6c6ff6885d133c03b4deb002,90ef62e95149723bbaa7cae599339d6e0bf5f0de
241930,Middle-earth™: Shadow of Mordor™,game,1999,,34004,2014,0,74,0,161afab3c9f725f593635723cc64a7fbeb324ead,00631b918ee8799ff48b3d91d9eb0d3278aafa83
238320,Outlast,game,1999,80,28692,2013,1054,14,9,46bd3df92d4693d3b2af113bf8f31c2cbdadb20a,7d02a2286fd5d4ce42cfc1ecc78e08c89e542f87
208750,Apotheon,game,1499,78,1961,2015,0,30,0,fbc158aabfc55bbfd24d3a7c2f6bc1a2aa63c838,8002a4ffea96fa323246e0e68c9a1eb053bf91ab
327410,A Bird Story,game,399,66,4600,2014,86,1,1,cef549201cdfcf82ae56d9975cdcf96ea5515760,86490bbde1c9817ec5e67b1b77234ba5c9559e03
328760,SanctuaryRPG: Black Edition,game,659,,785,2015,0,0,0,ed07f2436cc71f42847469e504368bdda3493ca7,e806a50635d8d5db8100ccbaa44ae054ff355540
211420,DARK SOULS™: Prepare To Die Edition,game,,85,47782,2012,0,41,0,a24804c6c8412c8cd9d50efd06bf03fa58ff80a9,d293c8e38f56de2c7097b2c7a975caca49029a8b
246090,Spacebase DF-9,game,999,49,3005,2014,196,0,0,934cf3be95251c9c06db60529f3555ceda4cb631,2fafa0c2e577ee4ee3f0af4fa648725f7a9550f0
331670,The Jackbox Party Pack,game,2299,,674,2014,91,20,1,48b7b9b5dca4213ec903ef8934c194ea979375ca,24e4322e5380b62a149474fe054c4be44e60865b
331870,AER Memories of Old,game,1499,,573,2017,0,20,0,a08489f03db66c46ec657411d0e25e1ae2006b2b,9fb11c38c8e5a6aa4a9b3e41cba14487b07ee5ce
332800,Five Nights at Freddy's 2,game,799,62,7730,2014,63,0,0,94d87ac302559e7742905416bab1cf1af530a974,7e61a298e1db26778316c9a48ed27a514e198a39
335670,LISA,game,999,78,6392,2014,101,68,3,4db7f8a68772c4b4ce484fc2db896e8000c32f7a,eae97830175ff475185bbd26efa907f776912c22
336060,Raptor: Call of The Shadows - 2015 Edition,game,499,,212,2015,786,10,10,e1e1d8c2453ba10b540145812c60fad78f0c0620,c7d940894182db720cfa6a57c9f2924be7b31b17
257510,The Talos Principle,game,3999,85,14431,2014,0,40,0,8222673c1eb13e6a8a8367ec0e2940a887ecf270,0392d2bd5d1bec31f2fd283bc4555fdc22dd44a9
2400,The Ship,game,999,76,2401,2006,0,0,0,1d17a5d3d7da68eb317d848727ea235790e1d8a4,2b19a255140350735cf8461f6e893452e1eae95e
2420,The Ship Single Player,game,,,351,2006,0,0,0,683c3b48b4a8c586d0f143765502383cc8f07ac6,38d863d8a2a44555693dbcc499e3557531a1bb19
2430,The Ship Tutorial,,,,,,0,0,0,683c3b48b4a8c586d0f143765502383cc8f07ac6,38d863d8a2a44555693dbcc499e3557531a1bb19
319630,Life is Strange™,game,,,82234,2015,927,60,18,e54b13da0710a35e7088664a77632e79157d8332,e92d2b3a0c01be3bdd77ec665a3014028efaa105
242680,Nuclear Throne,game,1199,88,6908,2015,0,44,0,8ccc158cb6a7ca2f8cee6da9bfc4084c90e76ed2,6e525eba637086bda62c78a3db4ab33479b2798b
341190,Hotline Miami 2: Wrong Number Digital Comic,game,,,,2015,0,0,0,427c1d214253ebec0b754894d26a9fce820a6121,2d814ebf8cd4d36eee5abb99f0c4e16ff248956f
342580,12 Labours of Hercules,game,299,,1950,2015,576,22,22,31abb0b9320a397bde1ca97f0992881389a952b0,e77bb63eb787efa59d7349ddeceffd9ae2575b62
343710,KHOLAT,game,1799,64,1206,2015,0,20,0,77c0fe5a1f94460962d547716a1391bb0ad8264e,8d56f3b054866918d3235c56f6076509170e9b97
343860,Tacoma,game,1999,76,1218,2017,0,12,0,229400424687de7b5ebd9112f31852796092a09f,f362de66e07b4bccddf753edba922d2d658d5b84
346180,David.,game,159,,558,2015,118,21,11,160450a66e6adad2cf011d27a7aecc295f9b14d6,bf6dfc128d9dbdee13a493c44c6bc71aad5d06c3
346940,Shadowrun: Hong Kong - Extended Edition,game,1999,81,1721,2015,0,60,0,04a8418d6cbc545260dbada086048ef8a6d0d408,57a37a9cb55c413127e08020da96da21d82039eb
40320,Rush for Berlin: Gold Edition,game,499,76,,2009,0,0,0,205081d1a982576ce3f1f2fc01d27b450146564d,6da82e350db375620787ba969decd62a11c8e4e8
351150,DRAGON: A Game About a Dragon,game,199,,437,2015,220,15,0,a09f5ba082d3a07bf31a983e65de245944a59aef,5226586acf0344273f4e84ea9fedeb5a3cdf7a8d
353090,Chicken Invaders 5,game,499,,359,2015,534,15,13,5f27edc16f5c8d9e5215a99cae1248bd48bf24cb,c7fee368274171a297df537e9417f5f0294e02ee
275100,Shelter 2,game,1499,58,2280,2015,100,26,0,e37c751af499fadd2563d99754ec83ab78b58d13,65a010dd5ec50cff6ef8b29976373c15fa840b78
354650,MISSING: An Interactive Thriller - Episode One,game,,63,452,2015,108,17,17,83e30367c21c7b08ad44cbc978da5a8aa594aeb4,a795e6838fb4d0bb0563c7689d0e304abd133f89
255710,Cities: Skylines,game,2799,85,48268,2015,1,97,0,6cf7b10dd29db28448ef79698ed2118a03617d63,1b90f32be112870a4fa22c819a358d047b38d97f
355950,Age of Empires II HD: The African Kingdoms,dlc,999,,494,2015,0,0,0,,
356200,Keen Dreams,,,,,,155,16,1,e66687f989a25e4e7416caea6d3054bf531bbf6c,563183fa4a465b63f90ad183777434e932ffb31b
356520,Port of Call,game,,,,2015,70,7,7,146a7ffeebbe15f06759463dfd4311aad58dca21,2f9b48a5bb2210d72f732b2cc08a86bb1ea53250
357410,World 1-1,video,799,,,2015,1032,0,0,caaf0720dd566c78bbf478f9e89dd12a5796243c,a9258aa01a31cba3800cdc02948cb8bfb23be741
359050,Shower With Your Dad Simulator 2015: Do You Still Shower With Your Dad,game,99,,6379,2015,158,22,11,2914eef2904d321bf58adebccc1c92ef6b2c6834,a1fdadf712e38d5fbb2441459cb3bd2a6eee833e
359580,Uncanny Valley,game,999,67,218,2015,0,18,0,30a18941133eeae3aeaeed88b4a1654b0bb928fb,90c693b7e438de33098abc1abea9aee97773ee05
360640,12 Labours of Hercules II: The Cretan Bull,game,299,,1515,2015,698,22,22,da18de2baca88cb0e885e096f7ec9fd74a8029ca,ba983c55ce2aa93e7a38451ef424de8071734a88
360650,12 Labours of Hercules III: Girl Power,game,299,,656,2015,572,22,22,28fdef66083eedcc95ee2d3d3236b1a2007dbbdb,4b476235c524d860c29a93976d4fa303791ab3c4
360740,Downwell,game,299,81,4004,2015,66,20,2,b9b9c2f5cdf91b90e468d9140deceb80be3e0a06,b294a8230fc015837cbd9b996d79467c3d593496
274270,NOT A HERO,game,1299,75,1333,2015,0,17,0,f67cfd982237b07179a3c0fb0ca35077411e87ab,36afb8a17a5cf3936cdbfffc4bd32bde482e1df2
367670,Controller Companion,game,299,,1616,2015,5,0,0,3ee3c18086f642da6148dd488d22eb5b87ff979f,995c1c828e8de21b8f3e9cfd78bce166df4bbc20
104200,BEEP,game,199,,4118,2011,91,0,0,a08809b6b78b2adcc347ad406d4deb2946761e4b,26fed500a3e0c4765a73a40f53ac24b0c84f8d43
263980,Out There Somewhere,game,99,,5872,2016,382,36,23,9ef5b78baca02bd93df4050525de055b4b5c0e3a,cc2393b0264e69356d1861811e423a4b76fdfc6b
341500,Camera Obscura,game,199,,1317,2015,0,45,0,7ab071afe0e816a7554a20f34afd20f2ce33f98f,fbf917a559fe65ec14683e46c84dc3502459e994
368370,Her Story,game,599,86,3741,2015,245,13,13,116b0c3f9693b9e3f235d22d4269a64c80b763d4,a05fc37b598a1ae5176b2a95a4819bfa0b93c4e5
370360,TIS-100,game,699,,1986,2015,4674,10,9,42fd5647ea90f7df3a2a0a8991d2eda676c8efa7,5cafbe7be54aaf54999915159839949a5841d591
243970,Invisible, Inc.,game,1999,82,3138,2015,0,23,0,21cc7b593c065eac8beb7842669dff4313dc0b3f,ab1bcfd36b8ae6bfd4dcd37f29c2c9fcd063d936
371290,Pixel Poetry,video,,,,2015,79,0,0,fa7acc53a64f3fffc67ddcaf9e8078fe07f7e45a,8221ea3622ba451526423a4ec46185258bf4faca
371330,Two Digits,game,199,,131,2015,186,13,7,662a29bef50fcdca41ae531240fbd3a8a04742d3,62a70d3f2f697b57dffa6224144fd3c432a323ef
377080,Hatoful Boyfriend: Holiday Star,game,999,54,225,2015,584,13,13,3f236a98617d622c99af66e68aa1f3fd9aa9376f,643a8a9c081e3854482772e9b940b578bd8e8c79
377460,Chicken Invaders 3,game,499,,,2015,1057,13,11,55b3d2d9576e2bd82bfad084f99b5c824da892b1,572afc246089bcfb43fc319e92b6c0e8fa784375
381780,80 Days,game,999,84,564,2015,349,35,3,28135c7f11fa978eb80a702c9f82cfe74a585ba9,0a6721d6476e8197b7bb0f9cb7559d5147c6a18b
384190,ABZÛ,game,1999,83,12400,2016,425,12,8,322d0d5990e35b3bdcd29e45982e110dd4a158ba,8ddd3b70bf7c92ad9e7fb3eda763fcf558ea8b99
383870,Firewatch,game,1999,81,33560,2016,0,10,0,d13e70a08cab192c52104f315a7d68591c085e81,4ce446fd39f19222e2b3f3995955c6bbd06f182c
367570,oO,game,99,,735,2015,72,6,2,c4d44b8ac44c2ba529a0c6719c0d50fe772d6626,fe629ccd37cf5aa34b0bc147ec084fda76e9d0b0
367580,Hook,game,99,,5821,2015,267,1,1,ce3ee9c92cc2c0ade27224c28afce44173fce14a,e1ee63f7f0603048e59b6ad107f920856028927e
385710,INK,game,499,68,628,2015,139,16,8,6e7644178f8688aba1ce6659232b46acf7c77764,97a7fcbb251eb9d6eea3772aeffb26dcc1995c44
261570,Ori and the Blind Forest,game,,88,23412,2015,0,50,0,a8b0c1ca89fa421e5061d4ac5c17e2fbf4f08845,e8b71ff338698994bca662ec8e6cf930f2ddc98b
387290,Ori and the Blind Forest: Definitive Edition,game,1999,88,12379,2016,0,57,0,a8b0c1ca89fa421e5061d4ac5c17e2fbf4f08845,1bcdf2736ac93a0f6cb24a9525b266573856a25b
387860,the static speaks my name,game,,,,2015,35,0,0,07514a18f54ba9e7c911f5498d51ff82c31be172,3cc543a0c766df27cadfac61664e6886d1f2b16a
388210,Day of the Tentacle Remastered,game,1499,86,1742,2016,0,58,0,6d8caff1e7eb9011b1c7c03e687c0d43753ac8bd,d652df906f889c9eeb47c52eb9190cbade874493
388880,Oxenfree,game,1999,80,5052,2016,1077,13,13,ebd4e04badb440be4f2ceca1a9b25efd1054c70e,d1b867d5ea8ca4fa232132c35dbfc41b66df5b99
313020,Soul Gambler,game,299,,1854,2014,353,24,24,56165d2241647b563f8a06461d54a537a7a138fb,aa7ebda730745a6b403b4a9500bf83b42a43abf8
364050,Face It - A game to fight inner demons,game,399,,392,2017,0,16,0,02c76162bb6a2ccd7fcf70d28ce943f2becdffc3,04e78c03519d9ae8e103a567edc0de7e882746c3
306040,The Howler,game,99,,1685,2016,137,0,0,7ab837906dd4f339fd36dfb3e1bdc8300303baba,b23d76c5f49bc5f2e35b5b1acf18cd1dc8ebfcdc
355150,gravilon,game,299,,1137,2015,0,0,0,6f17287fe1bb9b08ce910c841098fd3882526069,6a9ce26bf47e8f15679bd9c8beb4fb9721c3c5bd
391170,Void Invaders,game,299,,210,2015,297,21,18,317539d15ee64a28ccdf04b5c7f38b7b2b302e9a,f79976f820032fccec44f471968d4f3612bc99fd
391540,Undertale,game,999,92,82222,2015,307,0,0,2ce672b89b63ec1e70d2f12862e72eb4a33e9268,ae953fb87a0fd4958ca21995226c065f33290eba
391720,Layers of Fear,game,1999,72,6975,2016,648,27,14,0fc90b925c7bbdcc95df6599a01b80dff18e6bbb,64c61e0166b1bb2a80c57f76f2ca620f2ba49536
274560,Revolution Ace,game,499,,1481,2014,0,19,0,62e2c8418ccebaeea7150b9fd69f4ad728498376,ad811e6fc6780891daca4a13f53bd01c1cacc947
314450,Saviors,game,99,,1488,2016,154,100,10,11faa3acb652531023409fbb1b3fe10c4b384e97,bbebffbb1555241c787d8b168d7266319c4a0f8c
396800,12 Labours of Hercules IV: Mother Nature,game,299,,259,2015,802,22,22,78dfa2c662464d7f5f359893dbc566d967b73c1e,1220b9579966b88b169369caae46e049360d0ffe
400020,Atari Vault,game,999,,320,2016,440,12,0,2f6223d4940c3e23d9a12f2ae2394377605a258e,7bd9fdb891c4f6e66784d5bd32901a61ed066c11
400110,Else Heart.Break(),game,2299,79,165,2015,0,0,0,f2c5753428af58898e7a15979a003d255b4e708c,446dfb76fdbe32476ba23784d35df97097079c6e
365450,Hacknet,game,999,82,7971,2015,0,11,0,2445c4ead6ee47784a326922271ec1c0b41d64e2,50479f0bfe5a552132a0fc2668640b2e6a737398
405640,Pony Island,game,499,86,7087,2016,470,20,20,cbfb87666914abca2e7c06231eeb59ab2a1883e8,0778ea69bef198a63c75b241a33e105d1a75778c
406210,Over the Dream,video,399,,1342,2015,63,0,0,36ca543551f406336758a9dac5f31061a6bb34ec,1aa6acdbc9b1ae09971c34d0a259df8508f94840
340300,Teddy Floppy Ear - Mountain Adventure,game,499,,346,2015,0,0,0,b4ed9074689fae19eb323fdb71fe06e64e77616c,214627b4f8c1b80884a2d7e3248272e9a85f1a44
340310,Teddy Floppy Ear - Kayaking,game,499,,246,2015,0,0,0,2dec7bb7f550d538d3f89585acc2e2e2e230b805,fde51c3285acd0d6aef336546915d0e8430db7dc
371420,Teddy Floppy Ear - The Race,game,499,,523,2015,0,14,0,9a75a156b4985e3621fe92104335ba90c6f397df,f9bb34b5d07c7827a5f5f2b37da87f24b34843b8
407900,Princess Remedy in a World of Hurt,game,,,,2016,117,0,0,077fe7f0d447bc25fd160489e15fcbdf37deb941,6e7d55bd8887988959e2d833b62d90651bbe33f9
409160,Dr. Langeskov, The Tiger, and The Terribly Cursed Emerald: A Whirlwind Heist,game,,,169,2015,243,6,6,76c6aa9e02cc1bcacfd6e68f955a764d7459c96a,6f0d063bfd393a7ec8d7412de68e739911b46250
368230,Kingdom: Classic,game,499,74,3772,2015,1390,34,30,0d741624c643448ff74741f50a4b80a24529b869,b684a91e7bf997a7a1acf121747ba843c7bb66fd
496300,Kingdom: New Lands,game,1499,,3677,2016,2138,34,26,d51edb8c8d40e68818adffcd3f9b40149173b2d5,5662913c07750c882478e03be144982421e07628
351980,Super Game Jam: Episode 1 (Streaming),video,999,,,2014,30,0,0,,
409960,Super Game Jam: Episode 2 (Streaming),video,999,,,2014,29,0,0,,
409970,Super Game Jam: Episode 3 (Streaming),video,999,,,2014,32,0,0,,
409980,Super Game Jam: Episode 4 (Streaming),video,999,,,2014,215,0,0,,
409990,Super Game Jam: Episode 5 (Streaming),video,999,,,2014,188,0,0,,
410700,System Shock: Classic,,,,,,0,0,0,bf281779422082d9af5e4f46adc3123dd479690b,a41b927b65e8d2dbd0e415137d4220609be92f76
410710,System Shock: Enhanced Edition,game,999,85,480,2015,198,6,0,a88f9ba51194824ceeef8691c711016de62703ae,618c2ce94fc881aaf3ed6c57a9ec9e2a8573e2a8
416770,SquareCells,game,299,,528,2015,510,7,7,b4a61003ddb773e0b565f6b6e1dcb5127e0c5d64,6067863859023e3da52e90db0e65d637ad1d80ec
417860,Emily is Away,game,,,465,2015,95,20,20,51909ffd578abe91b984f60c9cfe90ec74845608,ec0b6855713ef1456a0c63f5f693b42e04eaec6c
418040,hocus,game,99,,474,2015,324,4,4,cc64bb4c6a4ed6869b72544ef06f1748cf86ad48,10ce476d1c9de34c9d75cd6f224b352811954407
418070,Turbo Pug,game,99,,2239,2015,223,0,0,ac53f00d25ad44409a267d580e1243ca851af8fa,f7c0724c7e406e0a86079ac496443a77560d490f
418240,Shadow Tactics: Blades of the Shogun,game,3999,85,5989,2016,0,44,0,7f933b7e1bcb83caf3bbcc9a143aee85b8a677af,9ca95758bb56d4ab81fb976f30950ad0a3e957e1
421120,Samorost 3,game,1999,80,1349,2016,0,30,0,abef8e1de0c23cbbe719b2734be1f041d1dbfe11,2f4ec5a558ec66e4ae9dbd27165342da7c28875b
425580,The Room Two,game,499,,6335,2016,0,7,0,f3cbf3fc433f4c05000c0ec4fc057bc8b333224a,b13299ec8e288f2d36ca66299cb2671b8ca9e789
210970,The Witness,game,3699,87,5609,2016,0,2,0,5406b4e33862420abfb60a23e581cad2a1ec85f7,a8e63d69792ae17e838437478e3505f7801eff52
429470,Space Pilgrim Episode I: Alpha Centauri,game,90,,681,2015,116,7,7,69fc5e4be28774becc36534599f2b956ba87e343,9675c3a0cafca901e3f03256e66aee7873b8c9d1
430020,Dance of Death,game,399,,215,2015,219,0,0,f9e8fd6a64c1ecd02c98e5cb7ad8b9ad7d3ba732,4e26ede7744340b8a1c11e0d63cc94993c3f8e35
431710,Space Pilgrim Episode II: Epsilon Indi,game,90,,312,2016,285,7,7,0f522f5ab91944db924bfae08d0fa76bcea026de,37d4a34b7000a6724927abe34e8c9dae4eb3c478
440430,Life Is Strange™ - Directors' Commentary - 1.Two directors,dlc,,,,2016,0,0,0,,
440431,Life Is Strange™ - Directors' Commentary - 2. Let's play Life is Strange,dlc,,,,2016,0,0,0,,
440432,Life Is Strange™ - Directors' Commentary - 3. Intentions,dlc,,,,2016,0,0,0,,
440433,Life Is Strange™ - Directors' Commentary - 4. A matter of choice,dlc,,,,2016,0,0,0,,
440434,Life Is Strange™ - Directors' Commentary - 5. A lively world,dlc,,,,2016,0,0,0,,
440435,Life Is Strange™ - Directors' Commentary - 6. Capturing the moment,dlc,,,,2016,0,0,0,,
440436,Life Is Strange™ - Directors' Commentary - 7. Social issues,dlc,,,,2016,0,0,0,,
440437,Life Is Strange™ - Directors' Commentary - 8. Getting things right,dlc,,,,2016,0,0,0,,
440438,Life Is Strange™ - Directors' Commentary - 9. Voices of Arcadia Bay,dlc,,,,2016,0,0,0,,
433950,Bit Blaster XL,game,79,,4514,2016,0,17,0,98b0941b15173a1f98c8c3d0030c9268c643ff30,252416ce3dffc257ea65fa7d6a9d862212cdf660
435530,The Final Station,game,1499,76,2775,2016,0,23,0,25443f04bb8d261470361d370549662766c8208d,c1753f5dd1bb6a0c37e7f36b5c3fd19c06bdb6f8
439250,Space Pilgrim Episode III: Delta Pavonis,game,90,,211,2016,388,7,7,d7436e0172010957caab6eeeaf016028f2f85f1c,ce45804eba82bfd182a651af29a1ab382caa55ec
443580,Antenna,game,,,,2016,58,5,5,26b470dcd32bbeb0a8383f18c0fa2c0b56926b44,22f77596f60454348d2d8575a66a503eeb9fee78
444800,NO THING,game,399,,130,2016,0,12,0,fba3690e20685d4937309adebae92404df2bd993,95c5c68fb42c7b1585d01f5f7648589a2cc0afae
446640,Space Pilgrim Episode IV: Sol,game,90,,227,2016,361,10,10,d45ef39cd09b11b9d77a1ecc3ef99d0780f62c0c,d7f1ab545083390c8ca5ff0abd24961be545e8a4
448780,Sixtieth Kilometer,game,90,,1173,2016,0,0,0,7539cfd2177b8d49ece8becd9c8d1904412c82ad,2d57a6f331076f72d1aaccc276b8a7fe5795c53e
449550,Chicken Invaders 2,game,399,,,2016,201,4,4,920b706b7d9d8d63ed33b9484c018bf0c84b3d25,b4496e8efb153852cbb0ab5c3598775c094e8f4a
461560,Mandagon,game,,,180,2016,70,5,5,829703508461a34cad7e682712a5bf8f86011168,e5256a71043af4fd7cacd655d1457331f8b8f16d
461840,Zenge,game,99,,2074,2016,549,1,1,42d666f115779f25234f66618dc979abb11ce2b5,bf40f21bf5434f3b2de22eb4918df90a5572ae20
466270,Half-Life: A Place in the West,mod,,,,2016,76,11,6,dad988ddf7bb566eb7f740c8c4aa790f6faf94b0,9e62f96e54a00179fdbe940852c750279d0ac929
469730,Super Mega Neo Pug,game,99,,341,2016,81,0,0,8074e0975a38c9a6376b02af4d8fdb18eeaa509a,2b484da487f914f70472f044d847bd87b6f631f3
474750,Reigns,game,299,77,4964,2016,199,13,4,72f6fc7c0822201ebbfbf133d98d9fc6abeabb38,abaf6fd064da8ac0ee155c09e4972a55a66204d3
475240,ORCS,game,159,,263,2016,93,0,0,42eac25e25d3aa67fe5efd0a908eae7dfcf6d1f9,af65850bc40d672ba44de6dbe60ef9f35d50e967
475550,Beholder,game,999,75,8095,2016,0,60,0,1025e7d1606b1e7a7f17048532039d78241e9f5d,d0cb7d93e0bcb745182c5f5b91c5967eacae4d52
881000,Beholder 2 Beta,,,,,,0,0,0,d12ab6ea9bd457009f6a744e985150be972bbde7,a90470fe8b2cb218852e38cfa14706441f01dfd8
491330,12 Labours of Hercules V: Kids of Hellas,game,299,,214,2016,1146,23,23,ed9e829713f08b49a3bebca42b58effbeac77229,a2b9b9ce754fb99f43184725b5df045372865fdc
491950,Orwell,game,999,77,3811,2016,0,27,0,22c422a5f68c4d1bcced09b18638dd6664d95d45,d831e0d592d695b6c2ab819168696b652973c401
496920,Moirai,,,,,,28,0,0,1c3a0410cc731311dd76d7fdda53f80a363cebcb,58208004a1554d5ed00ead0c92dab483cf43c104
497640,Trick & Treat,game,,,,2016,264,8,8,d7ea461fd92a9f6b41aef9389f56487b9c6ffd36,938db4897b6fa61306774d1913f9f0686e046040
499440,klocki,game,99,,3203,2016,140,1,1,10fd933297c22b1fcb90f0aed345ff1a7603caad,4a8b39425575a804436666590f3d7676348721fa
499520,The Turing Test,game,1999,74,2114,2016,0,15,0,201c1b7cbaa51c1ff8b8510890465679c0196900,a6a5655dfba7235eb9274919df9a6cd1cab510df
504210,SHENZHEN I/O,game,1499,,1348,2016,2652,6,2,b64581acf2b5e3c418ce32ad20cc6b7e1b3ac9a9,d1ced16a23a15441fbbdf5370f6b299a1e8cb427
369070,Slain: Back from Hell,game,1299,74,922,2016,0,30,0,8f827b8168ef8edbe198b97bd8c54f68c32b2425,1bdb486950b8b3b64a839d9a489d5ca28345ad31
517910,Sisyphus Reborn,game,,,,2016,57,7,7,cdbce4a170fbeac7a18c7100dac8daf41c3bc608,85b5b063bce51385147abf7165861df11fae23ad
289070,Sid Meier's Civilization VI,game,5999,88,31556,2016,0,191,0,9dc914132fec244adcede62fb8e7524a72a7398c,356443a094f8e20ce21293039d7226eac3d3b4d9
522040,Princess Remedy In A Heap of Trouble,game,399,,231,2016,0,0,0,9a9aa3ec803e1a37edcd07c67ba036737c1a676d,50c54391eb8a17208bd81b817962714fff763d33
523210,A Normal Lost Phone,game,299,71,864,2017,113,13,13,32b9eae6c1b459c4ba8820033683bdda9bc59c94,7fada22db9bf29864b064487510a54e3d9df2461
529780,Disturbed,game,,,,2016,150,17,17,e2c66f6dc90c23b52a5fbfa594501003a79cc374,40e3224419b60d9ef74c7f124bc47620a0cee999
536070,Double Fine Adventure: Ep01 Bonus - Kickstarter Pitch Video,episode,,,,2016,0,0,0,,
536071,Double Fine Adventure: Ep01 Bonus - Kickstarter Pitch Bloopers,episode,,,,2016,0,0,0,,
536072,Double Fine Adventure: Ep01 Bonus - Kickstarter DRM Update,episode,,,,2016,0,0,0,,
536073,Double Fine Adventure: Ep01 Bonus - Kickstarter Rewards Options,episode,,,,2016,0,0,0,,
536074,Double Fine Adventure: Ep01 Bonus - Kickstarter European Options,episode,,,,2016,0,0,0,,
536075,Double Fine Adventure: Ep02 Bonus - Tim's First Address to Backe,episode,,,,2016,0,0,0,,
536076,Double Fine Adventure: Ep02 Bonus - Project Q&A w/ Tim,episode,,,,2016,0,0,0,,
536077,Double Fine Adventure: Ep02 Bonus - Tim and Ron Adventure Chat,episode,,,,2016,0,0,0,,
536078,Double Fine Adventure: Ep03 Bonus - Lumberjack Animatic,episode,,,,2016,0,0,0,,
536079,Double Fine Adventure: Ep03 Bonus - Greg Models Backer T-Shirt,episode,,,,2016,0,0,0,,
536080,Double Fine Adventure: Ep03 Bonus - Moai Promo Video,episode,,,,2016,0,0,0,,
536081,Double Fine Adventure: Ep04 Bonus - Lumberjack Previz,episode,,,,2016,0,0,0,,
536082,Double Fine Adventure: Ep05 Bonus - Lumberjack Party (Kinect Demo),episode,,,,2016,0,0,0,,
536083,Double Fine Adventure: Ep07 Bonus - Lili Picks the Girl,episode,,,,2016,0,0,0,,
536084,Double Fine Adventure: Ep07 Bonus - Marius Animatics,episode,,,,2016,0,0,0,,
536085,Double Fine Adventure: Ep09 Bonus - Teaser Trailer Previz,episode,,,,2016,0,0,0,,
536086,Double Fine Adventure: Ep09 Bonus - Broken Age Teaser Trailer,episode,,,,2016,0,0,0,,
536087,Double Fine Adventure: Ep09 Bonus - 90,000 Friends,episode,,,,2016,0,0,0,,
536088,Double Fine Adventure: Ep09 Bonus - Teaser Evolution,episode,,,,2016,0,0,0,,
536089,Double Fine Adventure: Ep11 Bonus - Scratch Audio Montage,episode,,,,2016,0,0,0,,
536090,Double Fine Adventure: Ep11 Bonus - Alternate Cinema Scenes,episode,,,,2016,0,0,0,,
536091,Double Fine Adventure: Ep12 Bonus - Jack Black Casting Reveal,episode,,,,2016,0,0,0,,
536092,Double Fine Adventure: Ep12 Bonus - Pendleton Ward in the Studio,episode,,,,2016,0,0,0,,
536093,Double Fine Adventure: Ep13 Bonus - Wil Wheaton Casting Reveal,episode,,,,2016,0,0,0,,
536094,Double Fine Adventure: Ep13 Bonus - Elijah Wood Casting Reveal,episode,,,,2016,0,0,0,,
536095,Double Fine Adventure: Ep13 Bonus - Dave G's Wolf Scene,episode,,,,2016,0,0,0,,
536096,Double Fine Adventure: Ep14 Bonus - Broken Age Vella Trailer,episode,,,,2016,0,0,0,,
536097,Double Fine Adventure: Ep14 Bonus - Broken Age Shay Trailer,episode,,,,2016,0,0,0,,
536098,Double Fine Adventure: Ep15 Bonus - Broken Age Act 1 Trailer,episode,,,,2016,0,0,0,,
536099,Double Fine Adventure: Ep16 Bonus - Broken Age iPad Promo,episode,,,,2016,0,0,0,,
536100,Double Fine Adventure: Ep17 Bonus - Anna Kipnis Dialog Talk,episode,,,,2016,0,0,0,,
536101,Double Fine Adventure: Ep17 Bonus - Oliver Franzke Scalability Talk,episode,,,,2016,0,0,0,,
536102,Double Fine Adventure: Ep18 Bonus - Shay Game Awards Interstital,episode,,,,2016,0,0,0,,
536103,Double Fine Adventure: Ep18 Bonus - Tim's Update on Exciting Times,episode,,,,2016,0,0,0,,
536104,Double Fine Adventure: Ep18 Bonus - Broken Age Climax Animatic,episode,,,,2016,0,0,0,,
536105,Double Fine Adventure: Ep19 Bonus - Broken Age Launch Trailer,episode,,,,2016,0,0,0,,
536106,Double Fine Adventure: Ep19 Bonus - Backer Box Poll,episode,,,,2016,0,0,0,,
536107,Double Fine Adventure: Ep20 Bonus - Russian Subtitles,episode,,,,2016,0,0,0,,
536108,Double Fine Adventure: Ep20 Bonus - Thank You from the Backers,episode,,,,2016,0,0,0,,
536110,Double Fine Adventure: Ep01 Deleted - Talking with Ron,episode,,,,2016,0,0,0,,
536111,Double Fine Adventure: Ep02 Deleted - Tim and Erik Chat,episode,,,,2016,0,0,0,,
536112,Double Fine Adventure: Ep02 Deleted - Feedback with Ron,episode,,,,2016,0,0,0,,
536113,Double Fine Adventure: Ep02 Deleted - Ron Responds to Pitch,episode,,,,2016,0,0,0,,
536114,Double Fine Adventure: Ep03 Deleted - Codenames,episode,,,,2016,0,0,0,,
536115,Double Fine Adventure: Ep03 Deleted - Bar Crawling,episode,,,,2016,0,0,0,,
536116,Double Fine Adventure: Ep04 Deleted - Dinosaurs,episode,,,,2016,0,0,0,,
536117,Double Fine Adventure: Ep04 Deleted - Art Jamming,episode,,,,2016,0,0,0,,
536118,Double Fine Adventure: Ep04 Deleted - Scott Gets Shot Down,episode,,,,2016,0,0,0,,
536119,Double Fine Adventure: Ep04 Deleted - Signing Posters,episode,,,,2016,0,0,0,,
536120,Double Fine Adventure: Ep05 Deleted - Early Story Decisions,,,,,,0,0,0,,
536121,Double Fine Adventure: Ep05 Deleted - It's Getting Even Hairier,,,,,,0,0,0,,
536122,Double Fine Adventure: Ep06 Deleted - Driving with Tim,,,,,,0,0,0,,
536123,Double Fine Adventure: Ep06 Deleted - Crazy Cat Man,,,,,,0,0,0,,
536124,Double Fine Adventure: Ep06 Deleted - Vella Alteration,,,,,,0,0,0,,
536125,Double Fine Adventure: Ep06 Deleted - Art Directon,,,,,,0,0,0,,
536126,Double Fine Adventure: Ep06 Deleted - Early Story Concepts,,,,,,0,0,0,,
536127,Double Fine Adventure: Ep08 Deleted - Extended Beard Trimming,,,,,,0,0,0,,
536128,Double Fine Adventure: Ep09 Deleted - Ron Gilbert's Notes,,,,,,0,0,0,,
536129,Double Fine Adventure: Ep10 Deleted - Brainstorming with John,,,,,,0,0,0,,
536130,Double Fine Adventure: Ep10 Deleted - Gameinformer Extended,,,,,,0,0,0,,
536131,Double Fine Adventure: Ep10 Deleted - Reflections,,,,,,0,0,0,,
536132,Double Fine Adventure: Ep10 Deleted - Lighting,,,,,,0,0,0,,
536133,Double Fine Adventure: Ep11 Deleted - Grabbing Game,,,,,,0,0,0,,
536134,Double Fine Adventure: Ep12 Deleted - Fem Shep,,,,,,0,0,0,,
536135,Double Fine Adventure: Ep14 Deleted - Mock Reviews,,,,,,0,0,0,,
536136,Double Fine Adventure: Ep15 Deleted - Refunds,,,,,,0,0,0,,
536137,Double Fine Adventure: Ep15 Deleted - One Unit,,,,,,0,0,0,,
536138,Double Fine Adventure: Ep15 Deleted - Act 2 Art Jammin',,,,,,0,0,0,,
536139,Double Fine Adventure: Ep16 Deleted - Act 2 Brainstorming,,,,,,0,0,0,,
536140,Double Fine Adventure: Ep17 Deleted - Act 2 Hour Of Fun,,,,,,0,0,0,,
536141,Double Fine Adventure: Ep18 Deleted - Checking in with Bagel,,,,,,0,0,0,,
536142,Double Fine Adventure: Ep18 Deleted - Lee Leaves the Team,,,,,,0,0,0,,
536143,Double Fine Adventure: Ep19 Deleted - Tim's Last Call,,,,,,0,0,0,,
536144,Double Fine Adventure: Ep19 Deleted - The Thrush,,,,,,0,0,0,,
536145,Double Fine Adventure: Ep19 Deleted - Oliver's Creed,,,,,,0,0,0,,
536146,Double Fine Adventure: Ep20 Deleted - Act 2 Reviews,,,,,,0,0,0,,
577420,Double Fine Adventure: Sidequest 1 // Tim Schafer - "My Father Told Me It Would Be...",,,,,,0,0,0,,
577421,Double Fine Adventure: Sidequest 2 // Tim Schafer - “I’m Such a F@#$in’ Genius”,,,,,,0,0,0,,
577422,Double Fine Adventure: Sidequest 3 // Lee Petty - "I Was a Very Pleasant Baby",,,,,,0,0,0,,
577423,Double Fine Adventure: Sidequest 4 // Anna Kipnis - "I Got My Dream Job",,,,,,0,0,0,,
577424,Double Fine Adventure: Sidequest 5 // Brandon Dillon - "There Could Possibly Be...",,,,,,0,0,0,,
577425,Double Fine Adventure: Sidequest 6 // Ray Crook - "I Think it's OK i'm Still Here",,,,,,0,0,0,,
577426,Double Fine Adventure: Sidequest 7 // JP LeBreton - "You Don't Step in the Same...",,,,,,0,0,0,,
577427,Double Fine Adventure: Sidequest 8 // Oliver Franzke - "I Would Have Absolutely...",,,,,,0,0,0,,
577428,Double Fine Adventure: Sidequest 9 // Dave Gardner - "Look, the Clocks...",,,,,,0,0,0,,
577429,Double Fine Adventure: Sidequest 10 // Peter McConnell - "What I Wish I Could Have...",,,,,,0,0,0,,
577430,Double Fine Adventure: Sidequest 11 // Khris Brown - "The Purity of Your Intent",,,,,,0,0,0,,
577431,Double Fine Adventure: Sidequest 12 // Camden Stoddard - "The Weight of the Sound",,,,,,0,0,0,,
577432,Double Fine Adventure: Sidequest 13 // Justin Bailey - "My Seat Only Goes Back So Far",,,,,,0,0,0,,
577433,Double Fine Adventure: Sidequest 14 // Ben Peck - "It's Not Like This Every Day",,,,,,0,0,0,,
577434,Double Fine Adventure: Sidequest 15 // Matt Hansen - "Just Take It Seriously",,,,,,0,0,0,,
600300,Double Fine Adventure: Sidequest 16 // Malena Annable - "Autonomy to be Awesome",,,,,,0,0,0,,
115800,Owlboy,,,,,,0,12,0,f8e4091c990afda896ed3220a733cb9b1a7e4fba,3e5eaaa3a11ab21fffc4427a3ac96071f5ca3fb5
544330,Snake Pass,,,,,,0,33,0,a4a42fb745404840580ee3c92e03b1686aa32ac4,4c6d2bb3db8c5a1da2e3c285aa54f860f96c3589
545690,VOI,,,,,,149,6,6,ed93c7fbaf9b3740ccada424653faebc7e94e149,ad5007c3fe050bced7f196c7f3b935b8219febd2
548230,SPINGUN,,,,,,0,26,0,42834158a4c0c0b0931ad0728b80f2b98cf97c0f,121428fe2ecd11e0af7333e52814fc3e5a8adb89
549860,One Night Stand,,,,,,306,27,27,e9e23182ff58b35f9bdb9854c707cd76ee74b8e2,1169d8b985fee31c0830fe2a95c6737f818a9f0d
337340,Finding Paradise,,,,,,0,1,0,a73f4efe629814dee218036dfc08e293dea41137,b878dec95d8442d59002bd77b9676aab603fe480
552590,The Sexy Brutale,,,,,,0,18,0,e28ac9502c2115ed5377e7708afee9e569db1e7c,e6d9b777e965939cc5e3162311631214d5153e7a
558420,Stories Untold,,,,,,0,13,0,eab55497ce0a8f8211de67b3e06139fef96fb900,7b69cc8ffac029f061319881f815aa599c7c7e19
560260,Super Blue Boy Planet,,,,,,37,8,8,d8559b5d24449a579df3aed0cc9eac8a2762d1d5,11f2170a3ee8c2e60e7a40fe7eb875001c32aca5
567800,12 Labours of Hercules VI: Race for Olympus,,,,,,984,23,21,9d5e6bc24909a63844f24ca6ca0c1a14b3eb245f,3bf44a396cf22b48c56bdfa14a01b92cda03e660
576980,Western 1849 Reloaded,,,,,,0,21,0,901d66487082aad7c16789d1ce57e0ae908d0349,b059e4f27ccd44b6c47b160cdce0efc39f37b51a
582270,Everything,,,,,,141,36,15,fa274f088a5b3df3c1ee9b17b5ae5bc78e56b64e,b15284979404c08fe23133e5a90afb3e503f46d8
460790,Bayonetta,,,,,,0,50,0,9c591c4d3d3d5e5164ba08465aaf4407d86301b9,5d49ade3a66eec6432f5a00ed29da02860f515b8
460810,Vanquish,,,,,,0,50,0,a5024e8135e1865f7df484f512ddf4e117fc0140,0e4d23bc68cf9265945cc85df3114bbf4618e8fa
632000,CrossCells,,,,,,346,10,10,7b0e36bf1e034b1f8c72cb4f28da79945a716bcd,551949761c6ebee38272dbe8afb685448fd0a2b5
633251,Oats Studios - Volume 1: RAKKA,,,,,,37,0,0,9b4fcef96819f3c5a0aeb1ea5328bfea18586d9f,
660740,Oats Studios - Volume 1: Cooking With Bill - Damasu 950,,,,,,3,0,0,,
669300,Oats Studios - Volume 1: FIREBASE,,,,,,109,0,0,,
674460,Oats Studios - Volume 1: God - Serengeti,,,,,,4,0,0,,
675150,Oats Studios - Volume 1: Cooking With Bill - Sushi,,,,,,2,0,0,,
675151,Oats Studios - Volume 1: Cooking With Bill - Prestoveg,,,,,,2,0,0,,
675152,Oats Studios - Volume 1: Cooking With Bill - Smoothie,,,,,,2,0,0,,
678550,Oats Studios - Volume 1: Zygote,,,,,,0,0,0,,
692330,Oats Studios - Volume 1: Kapture: Fluke,,,,,,73,0,0,,
726920,Oats Studios - Volume 1: ADAM: Episode 2,,,,,,0,0,0,,
748950,Oats Studios - Volume 1: Praetoria,,,,,,0,0,0,,
749020,Oats Studios - Volume 1: Bad President,episode,,,,2017,0,0,0,,
755440,Oats Studios - Volume 1: LIMA - Trailer,episode,,,,2017,0,0,0,,
759320,Oats Studios - Volume 1: Gdansk,episode,,,,2017,0,0,0,,
763470,Oats Studios - Volume 1: ADAM: Episode 3,episode,,,,2017,0,0,0,,
642560,Art Of Gravity,game,99,,260,2017,163,9,9,a76c8fa65722412225b87962a6d99b7e7e43d894,5ec4608f98419b506a8fe4f651f9d2ef92db6630
646170,Half-Life - The Freeman Chronicles: Episode 1,episode,,,,2017,10,0,0,7375815101cf63fc86369a0bed47bd9bb451857a,
646171,Half-Life - The Freeman Chronicles: Episode 2: Part 1,episode,,,,2017,89,0,0,88f542c8b513e6c34e38ebc52c8c76d92cff96cf,59e897a3a901d2c487691be3279e0a714a8f1d8a
678350,Half-Life - The Freeman Chronicles: BTS,episode,,,,2017,1,0,0,28b6349f54d456fc47106403d3d580725f756716,483cbb3f5408aef0592d8cecda37eeb3d9a50b68
648390,Marie's Room,game,,,,2018,94,7,7,35306af409be13729e980e3437249aae9d448076,3a05b1acbc9b3afc73b7daf316c8fc8d409a55c8
661430,LineWay,game,99,,138,2017,0,1,0,dd05f8606b4bcf0a8e89b02a139ec0ca5102053d,e31ac38b52f35c064d3c9d196073a5cfbbf53172
663240,All You Can Eat,game,199,,,2017,0,11,0,e7fc552946fcfb5a460f37c0440297fc9c3b0380,702e5331cf38b62a06fbd5059a9f6dd34e66ad05
676430,PUSH,game,99,,264,2017,0,1,0,84ba2b6315dee4c48f470bf7080d8af86179acb9,48bbd308fb1531aff238d78260c3fa4444f9c9b0
689910,Another Lost Phone: Laura's Story,game,299,71,183,2017,122,10,10,7a80a91f0ab332563c2f5dc47104c0c892cb2db0,ec90f6a20379a5bab5c80c1aeece79ad4eca2fbe
694370,Space Pilgrim Academy: Year 1,game,199,,,2017,0,15,0,0e006fdf0b3bc1fdf46e28651f071df6719732ef,91739634aa0fdc1580c16859e7df4d7396fb11dc
696480,The Norwood Suite,game,999,,115,2017,184,17,17,7c43f1dd76728cbbd4070d6fee8a7b1b776569e0,e66a20516cb9112047da00a27483eb757849e7a4
635320,Last Day of June,game,1999,75,877,2017,0,21,0,6d11292ea70eaaae88c771f41dd4e8142d906a8c,46fb77e0003dd9113f40ed30f759bdc5efeaa380
727640,ШП (ShP),game,159,,,2017,79,0,0,7baf76b4b1ba6018ac5e8effcdd3ba6214dca489,3893de9be9e313cc3f48bb709eb1f7eff314f625
744810,A Raven Monologue,game,,,,2018,5,0,0,201a43530da40dc269536be57bd9ddca7d0a37ce,6125b3f5e33caca58913daa1ee333d8e118a01d4
758500,Loot Box Quest,game,99,,180,2017,0,15,0,15162a3fbe0179f0a8ccd4eed7d545e7fe70518c,0b6e3778ec700ec673f752ce101d8818804200a1
758530,Sprout,game,,,,2018,12,3,3,2c44e55fe3fcb7c0045eaa40f5f28636e9ccca47,f1d328d7570d2a1e8c4a17bc758ae0da92bbe9d2
773670,Delete,game,199,,204,2018,160,8,8,9583e71e1dc72db4c36f2951b775245304f11709,0bbc4971b0f06442268bf7943fbe2cebed4267bf
775530,puzzlement,game,199,,,2018,0,4,0,dd4439c497d903953d28980ece15302b4699a438,0bc7b6c7c4b323c3a46590954b6fa8d2b3c80416
779420,#WarGames,game,299,,,2018,393,55,37,8f8ab0954333f157db7680070465c0d1ed957c93,9b152d1808a412b5a232f1ed2bf495e5c404773d
797390,How To Cope With Boredom and Loneliness,game,,,,2018,44,16,16,75d92a7374994c47f9c8e2dce5a8878c2343387d,adbc15a0fbfdcb5a0e025d94ee9da6f7b4096f9f
804320,Papers, Please - The Short Film,video,,,,2018,91,0,0,18d35f60e5bcea954a5942b35c6dd6a1ceca8342,35b2e6ee8804f5fdd802b02e8b7b81b590a3e202
831120,Space Pilgrim Academy: Year 2,game,199,,,2018,0,18,0,f0ae69dc84db2b9886f82d1df852bf1da9304254,616aabc777b64d0d41f6f0e4c6dd73c10cd4f826
840610,Fortune-499,game,399,,,2018,0,0,0,d19be72db7db3ab6d5e003b1e7d09cb7229a942c,e02e51370e1ed9c11bbbae40ed925f707fb3d0a5
844180,Slab,game,239,,,2018,0,51,0,52f53a0a512d5f7986259fc6053dff87faf22fc7,03d62018aebe9f0f0ccf4bcebece1ae77605dc74
845070,The Awesome Adventures of Captain Spirit,game,,79,,2018,0,0,0,b0a58984e1e24531843f2bfe0b3d70135b0a8e57,2ff77fe4912eb747f290709097ac2f05d2836dbd
858760,Scalak,game,159,,157,2018,215,2,2,9f5e72b90a4bf00232f623c4f86c872c0d9941a9,7346e41c0d15df1979a49b11478b848d83d75a1c
395170,DISTRAINT: Deluxe Edition,game,499,76,3251,2015,0,16,0,4ada0f3bc25bec4e3cd6d762b76f87c205adf9a7,0686e65bbe798f8364b7e9833e645bcc40df540e
440,Team Fortress 2,game,,92,10311,2007,9,520,0,e3f595a92552da3d664ad00277fad2107345f743,07385eb55b5ba974aebbe74d3c99626bda7920b8
570,Dota 2,game,,90,15677,2013,56726,0,0,0bbb630d63262dd66d2fdd0f7d37e8661a410075,d4f836839254be08d8e9dd333ecc9a01782c26d2
